datetime,open,high,low,close,volume
2026-02-02T01:00:00+00:00,15025.430000000002,15159.730000000001,14952.720000000001,15147.710000000001,29871.315478077126
2026-02-02T02:00:00+00:00,15147.710000000001,15167.730000000001,15002.210000000001,15007.230000000001,22365
2026-02-02T03:00:00+00:00,15007.230000000001,15036.730000000001,14953.710000000001,14963.210000000001,8749
2026-02-02T04:00:00+00:00,14963.210000000001,14976.730000000001,14958.710000000001,14967.720000000001,976
2026-02-02T05:00:00+00:00,14967.720000000001,14991.230000000001,14798.220000000001,14854.710000000001,19792
2026-02-02T06:00:00+00:00,14854.710000000001,14910.730000000001,14776.720000000001,14838.210000000001,20790
2026-02-02T07:00:00+00:00,14838.210000000001,14864.730000000001,14823.710000000001,14864.220000000001,2908
2026-02-02T08:00:00+00:00,14864.220000000001,14871.730000000001,14855.720000000001,14869.210000000001,1142
2026-02-02T09:00:00+00:00,14869.210000000001,14899.720000000001,14856.710000000001,14895.730000000001,1624
2026-02-02T10:00:00+00:00,14895.730000000001,14902.730000000001,14878.710000000001,14885.710000000001,1224
2026-02-02T11:00:00+00:00,14885.710000000001,14909.720000000001,14884.720000000001,14898.730000000001,1105
2026-02-02T12:00:00+00:00,14898.730000000001,14907.730000000001,14894.710000000001,14897.710000000001,887
2026-02-02T13:00:00+00:00,14897.710000000001,14904.730000000001,14885.710000000001,14901.730000000001,1351
2026-02-02T14:00:00+00:00,14901.730000000001,14944.730000000001,14901.730000000001,14934.210000000001,2952
2026-02-02T15:00:00+00:00,14934.210000000001,14955.730000000001,14913.730000000001,14919.730000000001,3447
2026-02-02T16:00:00+00:00,14919.730000000001,14933.720000000001,14909.710000000001,14928.710000000001,1738
2026-02-02T17:00:00+00:00,14928.710000000001,14936.730000000001,14924.720000000001,14930.730000000001,959
2026-02-02T18:00:00+00:00,14930.730000000001,14933.210000000001,14918.210000000001,14923.720000000001,754.3718903086349
2026-02-02T19:00:00+00:00,14923.720000000001,14928.220000000001,14918.210000000001,14918.730000000001,490.28843264897347
2026-02-02T20:00:00+00:00,14918.730000000001,14926.210000000001,14916.710000000001,14918.710000000001,588.944148582489
2026-02-03T01:00:00+00:00,14918.710000000001,15010.710000000001,14875.7,14908.220000000001,20289.528233151184
2026-02-03T02:00:00+00:00,14908.220000000001,14912.710000000001,14657.2,14702.2,27037
2026-02-03T03:00:00+00:00,14702.2,14770.710000000001,14683.220000000001,14755.220000000001,12390
2026-02-03T04:00:00+00:00,14755.220000000001,14775.720000000001,14754.220000000001,14767.2,1085.322731316726
2026-02-03T05:00:00+00:00,14767.2,14839.220000000001,14736.7,14814.720000000001,12473
2026-02-03T06:00:00+00:00,14814.720000000001,14856.2,14783.220000000001,14844.220000000001,10732
2026-02-03T07:00:00+00:00,14844.220000000001,14850.220000000001,14829.2,14834.220000000001,1897
2026-02-03T08:00:00+00:00,14834.220000000001,14852.220000000001,14830.7,14848.7,723
2026-02-03T09:00:00+00:00,14848.7,14850.2,14824.2,14831.2,1096
2026-02-03T10:00:00+00:00,14831.2,14842.720000000001,14826.2,14827.2,654
2026-02-03T11:00:00+00:00,14827.2,14831.2,14818.220000000001,14821.720000000001,717.029799029799
2026-02-03T12:00:00+00:00,14821.720000000001,14840.210000000001,14821.720000000001,14837.2,719
2026-02-03T13:00:00+00:00,14837.2,14841.220000000001,14832.710000000001,14838.2,656.9625101874491
2026-02-03T14:00:00+00:00,14838.2,14854.220000000001,14824.2,14827.210000000001,3054
2026-02-03T15:00:00+00:00,14827.210000000001,14869.2,14823.2,14864.220000000001,4505
2026-02-03T16:00:00+00:00,14864.220000000001,14865.220000000001,14839.210000000001,14842.220000000001,2211
2026-02-03T17:00:00+00:00,14842.220000000001,14855.220000000001,14822.2,14823.220000000001,3041
2026-02-03T18:00:00+00:00,14823.220000000001,14830.210000000001,14789.220000000001,14790.2,2378
2026-02-03T19:00:00+00:00,14790.2,14812.720000000001,14782.2,14800.210000000001,2103
2026-02-03T20:00:00+00:00,14800.210000000001,14824.220000000001,14795.2,14817.220000000001,854
2026-02-04T01:00:00+00:00,14817.220000000001,14898.890000000001,14816.720000000001,14871.890000000001,18530.472058589396
2026-02-04T02:00:00+00:00,14871.890000000001,14909.890000000001,14857.390000000001,14875.910000000002,15544
2026-02-04T03:00:00+00:00,14875.910000000002,14896.910000000002,14842.890000000001,14879.900000000001,6228
2026-02-04T04:00:00+00:00,14879.900000000001,14889.900000000001,14879.890000000001,14888.410000000002,473
2026-02-04T05:00:00+00:00,14888.410000000002,14973.910000000002,14886.910000000002,14946.400000000001,11737
2026-02-04T06:00:00+00:00,14946.400000000001,15070.910000000002,14938.900000000001,15053.900000000001,13828
2026-02-04T07:00:00+00:00,15053.900000000001,15056.910000000002,15034.890000000001,15041.910000000002,1958
2026-02-04T08:00:00+00:00,15041.910000000002,15061.410000000002,15039.900000000001,15051.400000000001,1337
2026-02-04T09:00:00+00:00,15051.400000000001,15054.410000000002,15028.890000000001,15051.910000000002,1171.822704975473
2026-02-04T10:00:00+00:00,15051.910000000002,15056.410000000002,15042.890000000001,15050.390000000001,699.6628472222222
2026-02-04T11:00:00+00:00,15050.390000000001,15052.910000000002,15040.890000000001,15047.390000000001,624
2026-02-04T12:00:00+00:00,15047.390000000001,15051.900000000001,15036.890000000001,15048.890000000001,647
2026-02-04T13:00:00+00:00,15048.890000000001,15071.890000000001,15043.410000000002,15059.390000000001,1265
2026-02-04T14:00:00+00:00,15059.390000000001,15060.890000000001,15037.900000000001,15040.410000000002,4850
2026-02-04T15:00:00+00:00,15040.410000000002,15076.900000000001,15030.890000000001,15045.900000000001,7238
2026-02-04T16:00:00+00:00,15045.900000000001,15048.900000000001,14997.890000000001,15018.900000000001,4444
2026-02-04T17:00:00+00:00,15018.900000000001,15024.900000000001,14974.390000000001,14978.910000000002,4796
2026-02-04T18:00:00+00:00,14978.910000000002,14992.900000000001,14970.890000000001,14986.390000000001,3547
2026-02-04T19:00:00+00:00,14986.390000000001,15006.910000000002,14973.910000000002,15006.910000000002,2495
2026-02-04T20:00:00+00:00,15006.910000000002,15007.910000000002,14989.890000000001,14992.900000000001,919
2026-02-05T01:00:00+00:00,14992.900000000001,15039.760000000002,14934.77,14941.28,18583.07254860966
2026-02-05T02:00:00+00:00,14941.28,15005.77,14899.260000000002,14906.27,20682
2026-02-05T03:00:00+00:00,14906.27,14983.28,14901.760000000002,14924.27,10522
2026-02-05T04:00:00+00:00,14924.27,14940.77,14922.27,14935.27,500.30736564650755
2026-02-05T05:00:00+00:00,14935.27,15062.77,14926.77,15035.28,13143
2026-02-05T06:00:00+00:00,15035.28,15053.77,14994.260000000002,15047.78,12420
2026-02-05T07:00:00+00:00,15047.78,15052.28,15023.78,15037.760000000002,2471
2026-02-05T08:00:00+00:00,15037.760000000002,15058.78,15037.760000000002,15049.77,1061
2026-02-05T09:00:00+00:00,15049.77,15049.77,15028.78,15036.78,1509
2026-02-05T10:00:00+00:00,15036.78,15050.78,15032.77,15046.27,979
2026-02-05T11:00:00+00:00,15046.27,15047.78,15037.760000000002,15040.760000000002,1038
2026-02-05T12:00:00+00:00,15040.760000000002,15045.78,15003.27,15008.78,2866
2026-02-05T13:00:00+00:00,15008.78,15015.28,14996.760000000002,15000.77,2933
2026-02-05T14:00:00+00:00,15000.77,15025.78,14988.760000000002,15000.760000000002,8464
2026-02-05T15:00:00+00:00,15000.760000000002,15013.77,14951.760000000002,14965.260000000002,8881
2026-02-05T16:00:00+00:00,14965.260000000002,15004.28,14951.760000000002,15003.760000000002,5617
2026-02-05T17:00:00+00:00,15003.760000000002,15005.78,14981.760000000002,14983.77,4003
2026-02-05T18:00:00+00:00,14983.77,14991.78,14951.760000000002,14958.760000000002,2687
2026-02-05T19:00:00+00:00,14958.760000000002,14980.78,14958.260000000002,14965.27,1660.8140534479537
2026-02-05T20:00:00+00:00,14965.27,14973.760000000002,14947.760000000002,14951.27,846
2026-02-06T01:00:00+00:00,14951.27,14953.77,14763.54,14838.550000000001,23883.15004001067
2026-02-06T02:00:00+00:00,14838.550000000001,14929.550000000001,14828.04,14906.550000000001,21835
2026-02-06T03:00:00+00:00,14906.550000000001,14960.54,14894.050000000001,14941.54,8815
2026-02-06T04:00:00+00:00,14941.54,14942.03,14920.550000000001,14923.050000000001,458.68159234496716
2026-02-06T05:00:00+00:00,14923.050000000001,14985.54,14917.04,14984.550000000001,13296
2026-02-06T06:00:00+00:00,14984.550000000001,15011.050000000001,14889.53,14889.53,9450
2026-02-06T07:00:00+00:00,14889.53,14904.550000000001,14874.54,14894.550000000001,2087
2026-02-06T08:00:00+00:00,14894.550000000001,14911.550000000001,14889.53,14907.050000000001,1153
2026-02-06T09:00:00+00:00,14907.050000000001,14936.550000000001,14901.54,14932.54,1329
2026-02-06T10:00:00+00:00,14932.54,14938.550000000001,14924.53,14935.050000000001,813
2026-02-06T11:00:00+00:00,14935.050000000001,14954.54,14933.53,14953.54,981
2026-02-06T12:00:00+00:00,14953.54,14955.03,14939.53,14943.53,903
2026-02-06T13:00:00+00:00,14943.53,14972.550000000001,14942.54,14970.54,1478
2026-02-06T14:00:00+00:00,14970.54,15009.550000000001,14968.53,15000.03,4020
2026-02-06T15:00:00+00:00,15000.03,15021.550000000001,14986.53,15010.550000000001,5463
2026-02-06T16:00:00+00:00,15010.550000000001,15025.03,15001.53,15024.53,1488
2026-02-06T17:00:00+00:00,15024.53,15040.550000000001,15021.53,15038.550000000001,982
2026-02-06T18:00:00+00:00,15038.550000000001,15049.550000000001,15035.53,15042.550000000001,612
2026-02-06T19:00:00+00:00,15042.550000000001,15047.04,15039.53,15042.53,269.13812999901717
2026-02-06T20:00:00+00:00,15042.53,15048.550000000001,15041.550000000001,15048.550000000001,174.9769053117783
2026-02-09T01:00:00+00:00,15048.550000000001,15072.890000000001,14986.380000000001,15032.880000000001,16388.978898007033
2026-02-09T02:00:00+00:00,15032.880000000001,15097.37,15031.390000000001,15072.390000000001,13127
2026-02-09T03:00:00+00:00,15072.390000000001,15098.380000000001,15064.37,15066.37,5596
2026-02-09T04:00:00+00:00,15066.37,15071.390000000001,15063.37,15068.37,638
2026-02-09T05:00:00+00:00,15068.37,15125.390000000001,15063.37,15095.390000000001,6938
2026-02-09T06:00:00+00:00,15095.390000000001,15103.890000000001,15079.380000000001,15088.880000000001,6404
2026-02-09T07:00:00+00:00,15088.880000000001,15096.390000000001,15064.37,15072.390000000001,1211
2026-02-09T08:00:00+00:00,15072.390000000001,15087.390000000001,15061.890000000001,15083.37,889
2026-02-09T09:00:00+00:00,15083.37,15088.390000000001,15071.390000000001,15073.380000000001,719
2026-02-09T10:00:00+00:00,15073.380000000001,15079.390000000001,15047.37,15067.37,1091
2026-02-09T11:00:00+00:00,15067.37,15080.390000000001,15065.380000000001,15077.390000000001,739
2026-02-09T12:00:00+00:00,15077.390000000001,15089.37,15072.37,15086.87,764
2026-02-09T13:00:00+00:00,15086.87,15102.380000000001,15086.380000000001,15095.87,835
2026-02-09T14:00:00+00:00,15095.87,15131.390000000001,15093.37,15120.880000000001,3763
2026-02-09T15:00:00+00:00,15120.880000000001,15153.390000000001,15118.87,15150.37,1716
2026-02-09T16:00:00+00:00,15150.37,15151.390000000001,15139.87,15139.87,785
2026-02-09T17:00:00+00:00,15139.87,15147.390000000001,15138.390000000001,15143.390000000001,452.2576564580559
2026-02-09T18:00:00+00:00,15143.390000000001,15147.390000000001,15133.37,15144.390000000001,1060.9808781869688
2026-02-09T19:00:00+00:00,15144.390000000001,15162.380000000001,15142.380000000001,15159.390000000001,319.9641719745223
2026-02-09T20:00:00+00:00,15159.390000000001,15160.390000000001,15147.380000000001,15155.880000000001,188.7139220505618
2026-02-10T01:00:00+00:00,15155.880000000001,15185.090000000002,15086.080000000002,15164.580000000002,12836.087394957984
2026-02-10T02:00:00+00:00,15164.580000000002,15181.090000000002,15134.580000000002,15145.080000000002,10992
2026-02-10T03:00:00+00:00,15145.080000000002,15156.090000000002,15101.070000000002,15108.090000000002,4104
2026-02-10T04:00:00+00:00,15108.090000000002,15116.090000000002,15107.070000000002,15115.090000000002,400.0574396777727
2026-02-10T05:00:00+00:00,15115.090000000002,15135.090000000002,15093.070000000002,15107.070000000002,5781
2026-02-10T06:00:00+00:00,15107.070000000002,15112.070000000002,15081.590000000002,15103.580000000002,4861
2026-02-10T07:00:00+00:00,15103.580000000002,15105.590000000002,15083.070000000002,15086.080000000002,1455
2026-02-10T08:00:00+00:00,15086.080000000002,15096.080000000002,15069.080000000002,15090.590000000002,892
2026-02-10T09:00:00+00:00,15090.590000000002,15102.590000000002,15090.070000000002,15091.090000000002,857
2026-02-10T10:00:00+00:00,15091.090000000002,15092.580000000002,15081.570000000002,15086.570000000002,465
2026-02-10T11:00:00+00:00,15086.570000000002,15099.080000000002,15083.070000000002,15094.080000000002,533
2026-02-10T12:00:00+00:00,15094.080000000002,15100.070000000002,15082.080000000002,15086.080000000002,738
2026-02-10T13:00:00+00:00,15086.080000000002,15089.090000000002,15082.070000000002,15083.070000000002,998
2026-02-10T14:00:00+00:00,15083.070000000002,15102.090000000002,15079.070000000002,15100.580000000002,2944
2026-02-10T15:00:00+00:00,15100.580000000002,15103.090000000002,15092.080000000002,15096.070000000002,2252
2026-02-10T16:00:00+00:00,15096.070000000002,15112.090000000002,15092.070000000002,15110.090000000002,1764
2026-02-10T17:00:00+00:00,15110.090000000002,15122.080000000002,15108.070000000002,15118.070000000002,658
2026-02-10T18:00:00+00:00,15118.070000000002,15118.070000000002,15098.070000000002,15102.080000000002,1289.2800894854586
2026-02-10T19:00:00+00:00,15102.080000000002,15119.090000000002,15100.090000000002,15118.070000000002,574.5051138026827
2026-02-10T20:00:00+00:00,15118.070000000002,15118.090000000002,15111.070000000002,15117.570000000002,244.13099041533548
2026-02-11T01:00:00+00:00,15117.570000000002,15123.210000000001,15013.7,15029.2,12423.051830522418
2026-02-11T02:00:00+00:00,15029.2,15046.220000000001,14995.2,15040.210000000001,9259
2026-02-11T03:00:00+00:00,15040.210000000001,15046.2,15017.7,15041.7,3440
2026-02-11T04:00:00+00:00,15041.7,15042.720000000001,15012.2,15021.210000000001,659
2026-02-11T05:00:00+00:00,15021.210000000001,15061.220000000001,15019.210000000001,15057.210000000001,4565
2026-02-11T06:00:00+00:00,15057.210000000001,15069.220000000001,15035.720000000001,15046.710000000001,4044
2026-02-11T07:00:00+00:00,15046.710000000001,15047.2,15024.2,15036.210000000001,1197
2026-02-11T08:00:00+00:00,15036.210000000001,15041.220000000001,15027.2,15035.220000000001,756
2026-02-11T09:00:00+00:00,15035.220000000001,15035.220000000001,15005.2,15008.2,788
2026-02-11T10:00:00+00:00,15008.2,15018.220000000001,15001.2,15010.720000000001,873
2026-02-11T11:00:00+00:00,15010.720000000001,15020.220000000001,14999.220000000001,15011.210000000001,659
2026-02-11T12:00:00+00:00,15011.210000000001,15017.220000000001,15004.2,15008.210000000001,657.9658650116369
2026-02-11T13:00:00+00:00,15008.210000000001,15017.210000000001,14980.7,15004.2,2277
2026-02-11T14:00:00+00:00,15004.2,15024.210000000001,14994.2,15014.720000000001,3892
2026-02-11T15:00:00+00:00,15014.720000000001,15022.210000000001,14980.2,14992.220000000001,5524
2026-02-11T16:00:00+00:00,14992.220000000001,15016.220000000001,14985.2,15010.220000000001,2048
2026-02-11T17:00:00+00:00,15010.220000000001,15036.220000000001,15006.2,15024.720000000001,1633
2026-02-11T18:00:00+00:00,15024.720000000001,15048.210000000001,15022.210000000001,15043.220000000001,1609
2026-02-11T19:00:00+00:00,15043.220000000001,15059.720000000001,15042.2,15050.710000000001,757
2026-02-11T20:00:00+00:00,15050.710000000001,15057.7,15050.2,15054.220000000001,353
2026-02-12T01:00:00+00:00,15054.220000000001,15086.29,15019.27,15032.28,10038.113623188407
2026-02-12T02:00:00+00:00,15032.28,15039.29,14966.27,14978.27,8887
2026-02-12T03:00:00+00:00,14978.27,14994.28,14961.27,14981.29,3353
2026-02-12T04:00:00+00:00,14981.29,14982.27,14967.77,14968.29,435.63769923015116
2026-02-12T05:00:00+00:00,14968.29,14994.28,14958.78,14980.27,4906
2026-02-12T06:00:00+00:00,14980.27,14985.28,14962.27,14970.77,4032
2026-02-12T07:00:00+00:00,14970.77,14973.27,14958.27,14969.78,1202
2026-02-12T08:00:00+00:00,14969.78,14970.28,14960.27,14962.79,533
2026-02-12T09:00:00+00:00,14962.79,14980.77,14960.79,14979.79,754
2026-02-12T10:00:00+00:00,14979.79,14980.29,14964.29,14976.28,644
2026-02-12T11:00:00+00:00,14976.28,14981.29,14966.78,14973.78,555
2026-02-12T12:00:00+00:00,14973.78,14973.78,14957.27,14959.77,462.90573012939
2026-02-12T13:00:00+00:00,14959.77,14970.27,14955.27,14964.78,660
2026-02-12T14:00:00+00:00,14964.78,14982.29,14935.27,14942.28,2149
2026-02-12T15:00:00+00:00,14942.28,14963.29,14937.29,14944.27,3118
2026-02-12T16:00:00+00:00,14944.27,14944.28,14865.78,14885.77,5775
2026-02-12T17:00:00+00:00,14885.77,14895.29,14869.27,14869.28,3660
2026-02-12T18:00:00+00:00,14869.28,14891.29,14862.27,14883.77,2845
2026-02-12T19:00:00+00:00,14883.77,14888.29,14868.28,14875.27,1512
2026-02-12T20:00:00+00:00,14875.27,14879.29,14866.29,14875.28,867
2026-02-13T01:00:00+00:00,14875.28,14912.11,14739.12,14879.12,15544.108863495985
2026-02-13T02:00:00+00:00,14879.12,14910.6,14854.1,14894.1,9675
2026-02-13T03:00:00+00:00,14894.1,14898.62,14815.61,14825.12,4776
2026-02-13T04:00:00+00:00,14825.12,14831.1,14817.11,14823.11,568.5727636849132
2026-02-13T05:00:00+00:00,14823.11,14854.12,14792.1,14806.61,8763
2026-02-13T06:00:00+00:00,14806.61,14809.12,14743.1,14770.12,9519
2026-02-13T07:00:00+00:00,14770.12,14775.62,14735.11,14762.11,2889
2026-02-13T08:00:00+00:00,14762.11,14772.11,14748.1,14766.12,1391
2026-02-13T09:00:00+00:00,14766.12,14776.61,14745.11,14754.61,1656
2026-02-13T10:00:00+00:00,14754.61,14767.12,14749.1,14755.1,1027
2026-02-13T11:00:00+00:00,14755.1,14757.11,14733.1,14749.1,2075
2026-02-13T12:00:00+00:00,14749.1,14757.12,14720.11,14739.11,3383
2026-02-13T13:00:00+00:00,14739.11,14778.12,14720.1,14766.1,6275
2026-02-13T14:00:00+00:00,14766.1,14798.61,14739.6,14770.11,9686
2026-02-13T15:00:00+00:00,14770.11,14807.12,14767.1,14790.11,8517
2026-02-13T16:00:00+00:00,14790.11,14812.6,14790.1,14800.1,3340
2026-02-13T17:00:00+00:00,14800.1,14821.12,14800.1,14814.12,1918
2026-02-13T18:00:00+00:00,14814.12,14826.12,14807.1,14812.12,1866
2026-02-13T19:00:00+00:00,14812.12,14821.12,14797.12,14797.61,1527
2026-02-13T20:00:00+00:00,14797.61,14809.12,14793.11,14800.1,1319
2026-02-16T01:00:00+00:00,14800.1,14849.320000000002,14779.340000000002,14841.340000000002,5814.285662759243
2026-02-16T02:00:00+00:00,14841.340000000002,14866.320000000002,14800.340000000002,14854.330000000002,3627
2026-02-16T03:00:00+00:00,14854.330000000002,14897.340000000002,14852.320000000002,14894.820000000002,2259
2026-02-16T04:00:00+00:00,14894.820000000002,14920.340000000002,14891.820000000002,14914.820000000002,1702
2026-02-16T05:00:00+00:00,14914.820000000002,14961.330000000002,14911.330000000002,14945.340000000002,1387
2026-02-16T06:00:00+00:00,14945.340000000002,14973.840000000002,14942.330000000002,14968.320000000002,1100
2026-02-16T07:00:00+00:00,14968.320000000002,14982.330000000002,14962.330000000002,14980.330000000002,848
2026-02-16T08:00:00+00:00,14980.330000000002,15008.330000000002,14980.330000000002,14991.340000000002,745
2026-02-16T09:00:00+00:00,14991.340000000002,15002.340000000002,14981.820000000002,14982.820000000002,741
2026-02-16T10:00:00+00:00,14982.820000000002,14984.340000000002,14971.330000000002,14973.320000000002,628.6137689614936
2026-02-16T11:00:00+00:00,14973.320000000002,14974.340000000002,14965.320000000002,14972.320000000002,484.78502080443826
2026-02-16T12:00:00+00:00,14972.320000000002,14973.340000000002,14966.320000000002,14971.840000000002,425.8782315045338
2026-02-16T13:00:00+00:00,14971.840000000002,14975.340000000002,14966.820000000002,14970.830000000002,413
2026-02-16T14:00:00+00:00,14970.830000000002,14996.330000000002,14965.320000000002,14981.320000000002,1059.768472906404
2026-02-16T15:00:00+00:00,14981.320000000002,14984.330000000002,14956.320000000002,14956.830000000002,649
2026-02-16T16:00:00+00:00,14956.830000000002,14963.330000000002,14950.320000000002,14955.830000000002,530
2026-02-16T17:00:00+00:00,14955.830000000002,14966.330000000002,14955.330000000002,14961.340000000002,352.8186195826645
2026-02-16T18:00:00+00:00,14961.340000000002,14977.340000000002,14961.340000000002,14976.820000000002,187.33533051282095
2026-02-16T19:00:00+00:00,14976.820000000002,14983.340000000002,14976.820000000002,14982.840000000002,115.02962961494396
2026-02-16T20:00:00+00:00,14982.840000000002,14987.840000000002,14977.820000000002,14979.330000000002,175.31373955591945
2026-02-17T01:00:00+00:00,14979.330000000002,14981.330000000002,14935.03,14940.03,1622.6007640878702
2026-02-17T02:00:00+00:00,14940.03,14942.04,14909.53,14909.550000000001,910
2026-02-17T03:00:00+00:00,14909.550000000001,14910.04,14881.03,14882.550000000001,761.1097618672134
2026-02-17T04:00:00+00:00,14882.550000000001,14888.050000000001,14881.54,14883.53,376
2026-02-17T05:00:00+00:00,14883.53,14883.53,14863.550000000001,14868.54,681.0421631530705
2026-02-17T06:00:00+00:00,14868.54,14880.550000000001,14868.050000000001,14873.54,369.88210075026797
2026-02-17T07:00:00+00:00,14873.54,14875.53,14861.04,14875.53,498
2026-02-17T08:00:00+00:00,14875.53,14893.53,14874.03,14878.550000000001,573
2026-02-17T09:00:00+00:00,14878.550000000001,14891.04,14871.03,14889.03,497.48698884758363
2026-02-17T10:00:00+00:00,14889.03,14890.050000000001,14859.03,14865.04,600
2026-02-17T11:00:00+00:00,14865.04,14869.53,14856.04,14867.54,778
2026-02-17T12:00:00+00:00,14867.54,14875.050000000001,14845.04,14848.550000000001,745
2026-02-17T13:00:00+00:00,14848.550000000001,14868.53,14836.050000000001,14843.54,1647
2026-02-17T14:00:00+00:00,14843.54,14886.050000000001,14827.54,14832.54,3574
2026-02-17T15:00:00+00:00,14832.54,14851.050000000001,14814.04,14847.550000000001,4554
2026-02-17T16:00:00+00:00,14847.550000000001,14877.550000000001,14845.03,14868.54,2461
2026-02-17T17:00:00+00:00,14868.54,14868.54,14838.04,14858.050000000001,2271
2026-02-17T18:00:00+00:00,14858.050000000001,14900.050000000001,14850.03,14895.53,1902
2026-02-17T19:00:00+00:00,14895.53,14900.050000000001,14884.04,14885.04,1285
2026-02-17T20:00:00+00:00,14885.04,14890.050000000001,14878.03,14881.03,819
2026-02-18T01:00:00+00:00,14881.03,14886.44,14862.44,14883.95,1167.0387822377352
2026-02-18T02:00:00+00:00,14883.95,14898.460000000001,14878.44,14879.95,492
2026-02-18T03:00:00+00:00,14879.95,14896.960000000001,14878.45,14896.95,369.84716856635407
2026-02-18T04:00:00+00:00,14896.95,14912.94,14893.44,14908.94,338.9613428280773
2026-02-18T05:00:00+00:00,14908.94,14922.44,14907.960000000001,14918.95,391.4886649874055
2026-02-18T06:00:00+00:00,14918.95,14926.44,14916.44,14925.45,283
2026-02-18T07:00:00+00:00,14925.45,14928.94,14919.460000000001,14923.460000000001,279.7806497797519
2026-02-18T08:00:00+00:00,14923.460000000001,14944.45,14923.460000000001,14932.95,473
2026-02-18T09:00:00+00:00,14932.95,14960.45,14931.94,14950.94,730
2026-02-18T10:00:00+00:00,14950.94,14957.45,14948.94,14950.44,403.3596986817326
2026-02-18T11:00:00+00:00,14950.44,14952.460000000001,14940.44,14943.44,368.02918755859935
2026-02-18T12:00:00+00:00,14943.44,14952.44,14935.95,14939.460000000001,623
2026-02-18T13:00:00+00:00,14939.460000000001,14947.460000000001,14939.44,14943.460000000001,533
2026-02-18T14:00:00+00:00,14943.460000000001,14966.460000000001,14925.44,14944.460000000001,3204
2026-02-18T15:00:00+00:00,14944.460000000001,14971.460000000001,14944.44,14971.44,1433
2026-02-18T16:00:00+00:00,14971.44,14973.45,14961.45,14962.44,1057
2026-02-18T17:00:00+00:00,14962.44,14973.45,14961.44,14968.45,777
2026-02-18T18:00:00+00:00,14968.45,14972.460000000001,14955.960000000001,14962.470000000001,910
2026-02-18T19:00:00+00:00,14962.470000000001,14964.480000000001,14937.460000000001,14942.460000000001,1320
2026-02-18T20:00:00+00:00,14942.460000000001,14949.980000000001,14937.470000000001,14949.460000000001,666
2026-02-19T01:00:00+00:00,14949.460000000001,14965.700000000003,14929.680000000002,14955.200000000003,1714.0347394540943
2026-02-19T02:00:00+00:00,14955.200000000003,14960.180000000002,14945.180000000002,14947.190000000002,666
2026-02-19T03:00:00+00:00,14947.190000000002,14964.190000000002,14940.200000000003,14960.680000000002,639
2026-02-19T04:00:00+00:00,14960.680000000002,14960.680000000002,14947.200000000003,14949.680000000002,444.1250941974378
2026-02-19T05:00:00+00:00,14949.680000000002,14964.700000000003,14948.680000000002,14955.700000000003,465
2026-02-19T06:00:00+00:00,14955.700000000003,14962.200000000003,14947.200000000003,14959.190000000002,467
2026-02-19T07:00:00+00:00,14959.190000000002,14967.180000000002,14957.180000000002,14959.200000000003,298.57620413834684
2026-02-19T08:00:00+00:00,14959.200000000003,14966.200000000003,14957.680000000002,14960.690000000002,314.80555555555554
2026-02-19T09:00:00+00:00,14960.690000000002,14960.690000000002,14932.200000000003,14937.190000000002,1115
2026-02-19T10:00:00+00:00,14937.190000000002,14939.180000000002,14916.680000000002,14928.180000000002,1253
2026-02-19T11:00:00+00:00,14928.180000000002,14935.690000000002,14915.190000000002,14920.200000000003,680
2026-02-19T12:00:00+00:00,14920.200000000003,14926.700000000003,14913.180000000002,14921.180000000002,758
2026-02-19T13:00:00+00:00,14921.180000000002,14921.200000000003,14894.190000000002,14899.700000000003,910
2026-02-19T14:00:00+00:00,14899.700000000003,14901.180000000002,14859.180000000002,14885.700000000003,3495
2026-02-19T15:00:00+00:00,14885.700000000003,14913.190000000002,14880.180000000002,14900.180000000002,3556
2026-02-19T16:00:00+00:00,14900.180000000002,14911.690000000002,14890.180000000002,14899.180000000002,2661
2026-02-19T17:00:00+00:00,14899.180000000002,14905.700000000003,14876.200000000003,14879.690000000002,2187
2026-02-19T18:00:00+00:00,14879.690000000002,14894.690000000002,14876.180000000002,14894.190000000002,1715
2026-02-19T19:00:00+00:00,14894.190000000002,14898.200000000003,14881.180000000002,14887.200000000003,1267
2026-02-19T20:00:00+00:00,14887.200000000003,14898.200000000003,14887.200000000003,14898.180000000002,384
2026-02-20T01:00:00+00:00,14898.180000000002,14933.390000000001,14767.890000000001,14819.910000000002,11534.00427441761
2026-02-20T02:00:00+00:00,14819.910000000002,14886.890000000001,14798.410000000002,14838.390000000001,8045
2026-02-20T03:00:00+00:00,14838.390000000001,14863.400000000001,14824.390000000001,14840.390000000001,3185
2026-02-20T04:00:00+00:00,14840.390000000001,14852.400000000001,14838.410000000002,14848.410000000002,448.37385418135665
2026-02-20T05:00:00+00:00,14848.410000000002,14866.410000000002,14825.900000000001,14843.410000000002,2785
2026-02-20T06:00:00+00:00,14843.410000000002,14848.410000000002,14828.900000000001,14834.400000000001,1394
2026-02-20T07:00:00+00:00,14834.400000000001,14836.400000000001,14803.910000000002,14807.400000000001,1097
2026-02-20T08:00:00+00:00,14807.400000000001,14815.410000000002,14793.910000000002,14809.890000000001,1022
2026-02-20T09:00:00+00:00,14809.890000000001,14828.390000000001,14809.890000000001,14812.390000000001,998.868495742668
2026-02-20T10:00:00+00:00,14812.390000000001,14816.410000000002,14806.900000000001,14808.390000000001,491
2026-02-20T11:00:00+00:00,14808.390000000001,14808.390000000001,14797.400000000001,14803.400000000001,718
2026-02-20T12:00:00+00:00,14803.400000000001,14805.400000000001,14797.390000000001,14799.410000000002,756.9181184668989
2026-02-20T13:00:00+00:00,14799.410000000002,14803.410000000002,14773.390000000001,14795.910000000002,1291
2026-02-20T14:00:00+00:00,14795.910000000002,14824.400000000001,14785.390000000001,14805.390000000001,4215
2026-02-20T15:00:00+00:00,14805.390000000001,14930.410000000002,14802.400000000001,14921.390000000001,12780
2026-02-20T16:00:00+00:00,14921.390000000001,14950.910000000002,14918.890000000001,14942.400000000001,4738
2026-02-20T17:00:00+00:00,14942.400000000001,14950.410000000002,14906.390000000001,14938.400000000001,4832
2026-02-20T18:00:00+00:00,14938.400000000001,14981.890000000001,14932.410000000002,14974.910000000002,4725
2026-02-20T19:00:00+00:00,14974.910000000002,14979.390000000001,14965.410000000002,14967.900000000001,1464
2026-02-20T20:00:00+00:00,14967.900000000001,14982.910000000002,14966.400000000001,14982.400000000001,880
2026-02-23T01:00:00+00:00,14982.400000000001,15036.910000000002,14916.890000000001,15011.900000000001,12382.75437567224
2026-02-23T02:00:00+00:00,15011.900000000001,15064.910000000002,15009.390000000001,15054.890000000001,6839
2026-02-23T03:00:00+00:00,15054.890000000001,15068.900000000001,14988.400000000001,14999.900000000001,5490
2026-02-23T04:00:00+00:00,14999.900000000001,15001.400000000001,14982.890000000001,14984.900000000001,1447
2026-02-23T05:00:00+00:00,14984.900000000001,15000.900000000001,14974.410000000002,14997.890000000001,3347
2026-02-23T06:00:00+00:00,14997.890000000001,15014.910000000002,14993.890000000001,15005.910000000002,1878
2026-02-23T07:00:00+00:00,15005.910000000002,15013.900000000001,14988.910000000002,14997.400000000001,1749.62911126662
2026-02-23T08:00:00+00:00,14997.400000000001,15000.910000000002,14988.900000000001,14993.910000000002,544
2026-02-23T09:00:00+00:00,14993.910000000002,15017.910000000002,14993.400000000001,15008.900000000001,1014
2026-02-23T10:00:00+00:00,15008.900000000001,15010.390000000001,14991.890000000001,14998.400000000001,1089.7774420946625
2026-02-23T11:00:00+00:00,14998.400000000001,14999.910000000002,14987.890000000001,14993.390000000001,524
2026-02-23T12:00:00+00:00,14993.390000000001,14994.900000000001,14979.900000000001,14984.900000000001,789
2026-02-23T13:00:00+00:00,14984.900000000001,15001.910000000002,14979.400000000001,14991.900000000001,1012
2026-02-23T14:00:00+00:00,14991.900000000001,15018.910000000002,14990.890000000001,15005.390000000001,3500
2026-02-23T15:00:00+00:00,15005.390000000001,15008.910000000002,14959.900000000001,14963.400000000001,3746
2026-02-23T16:00:00+00:00,14963.400000000001,14972.910000000002,14941.890000000001,14957.910000000002,3550
2026-02-23T17:00:00+00:00,14957.910000000002,14963.910000000002,14945.890000000001,14956.890000000001,1924
2026-02-23T18:00:00+00:00,14956.890000000001,14969.910000000002,14955.400000000001,14956.910000000002,1242
2026-02-23T19:00:00+00:00,14956.910000000002,14961.900000000001,14941.890000000001,14951.390000000001,772
2026-02-23T20:00:00+00:00,14951.390000000001,14964.900000000001,14948.890000000001,14961.400000000001,794
2026-02-24T01:00:00+00:00,14961.400000000001,15031.890000000001,14818.390000000001,14836.410000000002,23691.72168641499
2026-02-24T02:00:00+00:00,14836.410000000002,14892.410000000002,14807.910000000002,14887.390000000001,16247
2026-02-24T03:00:00+00:00,14887.390000000001,14904.400000000001,14858.400000000001,14862.400000000001,4796
2026-02-24T04:00:00+00:00,14862.400000000001,14869.400000000001,14858.390000000001,14868.390000000001,547.9087410299034
2026-02-24T05:00:00+00:00,14868.390000000001,14884.410000000002,14826.390000000001,14833.890000000001,6776
2026-02-24T06:00:00+00:00,14833.890000000001,14838.410000000002,14814.390000000001,14816.400000000001,4919
2026-02-24T07:00:00+00:00,14816.400000000001,14821.400000000001,14800.390000000001,14813.910000000002,1869
2026-02-24T08:00:00+00:00,14813.910000000002,14819.890000000001,14805.400000000001,14819.390000000001,1028
2026-02-24T09:00:00+00:00,14819.390000000001,14819.390000000001,14801.890000000001,14806.410000000002,676
2026-02-24T10:00:00+00:00,14806.410000000002,14813.410000000002,14798.910000000002,14811.410000000002,429
2026-02-24T11:00:00+00:00,14811.410000000002,14814.390000000001,14794.390000000001,14798.910000000002,725
2026-02-24T12:00:00+00:00,14798.910000000002,14809.410000000002,14778.390000000001,14789.390000000001,1476
2026-02-24T13:00:00+00:00,14789.390000000001,14808.410000000002,14785.400000000001,14805.400000000001,937
2026-02-24T14:00:00+00:00,14805.400000000001,14836.400000000001,14798.400000000001,14822.410000000002,1804
2026-02-24T15:00:00+00:00,14822.410000000002,14857.410000000002,14817.890000000001,14854.390000000001,1662
2026-02-24T16:00:00+00:00,14854.390000000001,14862.410000000002,14844.400000000001,14854.400000000001,1490
2026-02-24T17:00:00+00:00,14854.400000000001,14862.410000000002,14851.400000000001,14856.890000000001,875
2026-02-24T18:00:00+00:00,14856.890000000001,14862.410000000002,14851.410000000002,14851.410000000002,860.1983483125541
2026-02-24T19:00:00+00:00,14851.410000000002,14851.910000000002,14830.890000000001,14834.910000000002,500
2026-02-24T20:00:00+00:00,14834.910000000002,14854.410000000002,14834.900000000001,14853.910000000002,280
2026-02-25T01:00:00+00:00,14853.910000000002,14921.980000000001,14828.470000000001,14881.470000000001,13774.024709302326
2026-02-25T02:00:00+00:00,14881.470000000001,14984.490000000002,14878.480000000001,14977.970000000001,12059
2026-02-25T03:00:00+00:00,14977.970000000001,15042.490000000002,14965.490000000002,15018.480000000001,7382
2026-02-25T04:00:00+00:00,15018.480000000001,15021.980000000001,15008.480000000001,15016.480000000001,385.65606796785215
2026-02-25T05:00:00+00:00,15016.480000000001,15022.470000000001,14920.970000000001,14928.490000000002,8570
2026-02-25T06:00:00+00:00,14928.490000000002,14930.480000000001,14902.480000000001,14913.470000000001,4171
2026-02-25T07:00:00+00:00,14913.470000000001,14937.980000000001,14908.470000000001,14915.980000000001,1145
2026-02-25T08:00:00+00:00,14915.980000000001,14918.990000000002,14905.470000000001,14908.480000000001,762
2026-02-25T09:00:00+00:00,14908.480000000001,14918.490000000002,14889.470000000001,14896.480000000001,922
2026-02-25T10:00:00+00:00,14896.480000000001,14912.970000000001,14894.470000000001,14907.490000000002,407.99264076672944
2026-02-25T11:00:00+00:00,14907.490000000002,14921.470000000001,14906.470000000001,14921.470000000001,315.26846307385233
2026-02-25T12:00:00+00:00,14921.470000000001,14947.990000000002,14919.470000000001,14947.990000000002,537
2026-02-25T13:00:00+00:00,14947.990000000002,14958.490000000002,14943.470000000001,14945.490000000002,585
2026-02-25T14:00:00+00:00,14945.490000000002,14950.490000000002,14937.470000000001,14947.490000000002,1978
2026-02-25T15:00:00+00:00,14947.490000000002,14947.990000000002,14914.480000000001,14922.490000000002,1655
2026-02-25T16:00:00+00:00,14922.490000000002,14937.990000000002,14921.470000000001,14936.970000000001,741.7441696113074
2026-02-25T17:00:00+00:00,14936.970000000001,14956.970000000001,14933.490000000002,14955.970000000001,550.1988970588236
2026-02-25T18:00:00+00:00,14955.970000000001,14956.990000000002,14941.970000000001,14953.980000000001,532.3114355231144
2026-02-25T19:00:00+00:00,14953.980000000001,14958.990000000002,14950.480000000001,14957.990000000002,274.14830748590146
2026-02-25T20:00:00+00:00,14957.990000000002,14971.470000000001,14948.470000000001,14968.480000000001,290.72293477630717
2026-02-26T01:00:00+00:00,14968.480000000001,14968.480000000001,14728.940000000002,14763.450000000003,14078.289430894309
2026-02-26T02:00:00+00:00,14763.450000000003,14766.450000000003,14676.440000000002,14715.450000000003,11595
2026-02-26T03:00:00+00:00,14715.450000000003,14747.440000000002,14702.430000000002,14739.430000000002,3763
2026-02-26T04:00:00+00:00,14739.430000000002,14747.450000000003,14736.430000000002,14737.450000000003,642.780986917151
2026-02-26T05:00:00+00:00,14737.450000000003,14752.450000000003,14713.950000000003,14713.950000000003,6356
2026-02-26T06:00:00+00:00,14713.950000000003,14752.430000000002,14703.440000000002,14735.950000000003,4607
2026-02-26T07:00:00+00:00,14735.950000000003,14749.440000000002,14723.430000000002,14725.430000000002,2037
2026-02-26T08:00:00+00:00,14725.430000000002,14733.450000000003,14718.440000000002,14727.950000000003,955
2026-02-26T09:00:00+00:00,14727.950000000003,14741.940000000002,14719.450000000003,14735.450000000003,922
2026-02-26T10:00:00+00:00,14735.450000000003,14735.450000000003,14723.940000000002,14728.430000000002,446.0917801311145
2026-02-26T11:00:00+00:00,14728.430000000002,14739.440000000002,14725.430000000002,14732.420000000002,663
2026-02-26T12:00:00+00:00,14732.420000000002,14740.430000000002,14729.430000000002,14730.440000000002,466.21993495136695
2026-02-26T13:00:00+00:00,14730.440000000002,14743.440000000002,14729.420000000002,14733.430000000002,453
2026-02-26T14:00:00+00:00,14733.430000000002,14739.440000000002,14699.420000000002,14699.430000000002,3290
2026-02-26T15:00:00+00:00,14699.430000000002,14706.440000000002,14658.420000000002,14690.940000000002,4942
2026-02-26T16:00:00+00:00,14690.940000000002,14693.440000000002,14649.430000000002,14650.440000000002,2559
2026-02-26T17:00:00+00:00,14650.440000000002,14661.440000000002,14643.420000000002,14645.930000000002,1526
2026-02-26T18:00:00+00:00,14645.930000000002,14680.940000000002,14642.420000000002,14670.920000000002,1194
2026-02-26T19:00:00+00:00,14670.920000000002,14677.940000000002,14667.940000000002,14674.420000000002,325.77325023071523
2026-02-26T20:00:00+00:00,14674.420000000002,14676.430000000002,14665.430000000002,14673.430000000002,323.58697444352845
2026-02-27T01:00:00+00:00,14673.430000000002,14710.88,14654.86,14665.88,12878.269646070785
2026-02-27T02:00:00+00:00,14665.88,14692.369999999999,14632.36,14668.88,9973
2026-02-27T03:00:00+00:00,14668.88,14693.869999999999,14639.86,14640.36,4858
2026-02-27T04:00:00+00:00,14640.36,14661.869999999999,14640.36,14651.869999999999,550.6837204837781
2026-02-27T05:00:00+00:00,14651.869999999999,14740.869999999999,14651.869999999999,14707.88,8195
2026-02-27T06:00:00+00:00,14707.88,14724.899999999998,14679.389999999998,14715.899999999998,4929
2026-02-27T07:00:00+00:00,14715.899999999998,14727.399999999998,14714.389999999998,14722.889999999998,1139.0315307380658
2026-02-27T08:00:00+00:00,14722.889999999998,14734.389999999998,14715.869999999999,14732.389999999998,907
2026-02-27T09:00:00+00:00,14732.389999999998,14754.889999999998,14721.869999999999,14727.869999999999,1298
2026-02-27T10:00:00+00:00,14727.869999999999,14747.369999999999,14725.869999999999,14738.389999999998,939
2026-02-27T11:00:00+00:00,14738.389999999998,14745.879999999997,14731.869999999999,14737.879999999997,929
2026-02-27T12:00:00+00:00,14737.879999999997,14747.879999999997,14729.879999999997,14732.869999999999,994
2026-02-27T13:00:00+00:00,14732.869999999999,14735.389999999998,14689.379999999997,14702.889999999998,2162
2026-02-27T14:00:00+00:00,14702.889999999998,14715.369999999999,14679.379999999997,14681.379999999997,4642
2026-02-27T15:00:00+00:00,14681.379999999997,14709.879999999997,14676.869999999999,14702.889999999998,3862
2026-02-27T16:00:00+00:00,14702.889999999998,14717.889999999998,14690.869999999999,14694.869999999999,2418
2026-02-27T17:00:00+00:00,14694.869999999999,14713.889999999998,14681.369999999999,14695.369999999999,2342
2026-02-27T18:00:00+00:00,14695.369999999999,14696.889999999998,14684.889999999998,14692.869999999999,1596
2026-02-27T19:00:00+00:00,14692.869999999999,14696.879999999997,14676.879999999997,14680.889999999998,982
2026-02-27T20:00:00+00:00,14680.889999999998,14694.889999999998,14680.889999999998,14692.879999999997,848
2026-03-02T01:00:00+00:00,14692.879999999997,14747.629999999997,14596.129999999997,14693.139999999998,18904.91483979764
2026-03-02T02:00:00+00:00,14693.139999999998,14707.629999999997,14573.619999999999,14669.629999999997,17580
2026-03-02T03:00:00+00:00,14669.629999999997,14758.139999999998,14664.619999999999,14746.129999999997,9402
2026-03-02T04:00:00+00:00,14746.129999999997,14748.639999999998,14730.619999999999,14737.619999999999,674.4673724505054
2026-03-02T05:00:00+00:00,14737.619999999999,14838.619999999999,14734.619999999999,14793.619999999999,13649
2026-03-02T06:00:00+00:00,14793.619999999999,14827.639999999998,14780.629999999997,14803.639999999998,7732
2026-03-02T07:00:00+00:00,14803.639999999998,14811.639999999998,14785.639999999998,14800.119999999999,2639
2026-03-02T08:00:00+00:00,14800.119999999999,14818.619999999999,14780.119999999999,14786.129999999997,1878
2026-03-02T09:00:00+00:00,14786.129999999997,14825.129999999997,14784.119999999999,14809.619999999999,1695
2026-03-02T10:00:00+00:00,14809.619999999999,14825.639999999998,14807.619999999999,14825.639999999998,1905
2026-03-02T11:00:00+00:00,14825.639999999998,14833.629999999997,14811.639999999998,14823.119999999999,1649
2026-03-02T12:00:00+00:00,14823.119999999999,14824.639999999998,14787.139999999998,14792.139999999998,2007
2026-03-02T13:00:00+00:00,14792.139999999998,14809.639999999998,14775.639999999998,14779.639999999998,2167
2026-03-02T14:00:00+00:00,14779.639999999998,14857.639999999998,14758.619999999999,14827.619999999999,5602
2026-03-02T15:00:00+00:00,14827.619999999999,14841.639999999998,14803.619999999999,14806.629999999997,4660
2026-03-02T16:00:00+00:00,14806.629999999997,14821.619999999999,14785.629999999997,14813.629999999997,3098
2026-03-02T17:00:00+00:00,14813.629999999997,14826.639999999998,14805.629999999997,14826.629999999997,1835
2026-03-02T18:00:00+00:00,14826.629999999997,14827.639999999998,14815.639999999998,14820.629999999997,1611
2026-03-02T19:00:00+00:00,14820.629999999997,14846.639999999998,14820.619999999999,14843.629999999997,801
2026-03-02T20:00:00+00:00,14843.629999999997,14844.619999999999,14816.639999999998,14824.639999999998,2032
2026-03-03T01:00:00+00:00,14824.639999999998,14883.789999999999,14781.279999999999,14781.279999999999,16958.013693560326
2026-03-03T02:00:00+00:00,14781.279999999999,14945.289999999999,14744.779999999999,14945.289999999999,22556
2026-03-03T03:00:00+00:00,14945.289999999999,14992.289999999999,14894.279999999999,14919.279999999999,9425
2026-03-03T04:00:00+00:00,14919.279999999999,14929.299999999997,14904.279999999999,14907.299999999997,891
2026-03-03T05:00:00+00:00,14907.299999999997,15048.279999999999,14842.299999999997,14843.289999999999,20634
2026-03-03T06:00:00+00:00,14843.289999999999,14859.799999999997,14776.279999999999,14838.779999999999,19224
2026-03-03T07:00:00+00:00,14838.779999999999,14838.779999999999,14802.289999999999,14821.779999999999,3382
2026-03-03T08:00:00+00:00,14821.779999999999,14825.279999999999,14803.289999999999,14810.289999999999,1910
2026-03-03T09:00:00+00:00,14810.289999999999,14810.289999999999,14715.289999999999,14716.799999999997,4453
2026-03-03T10:00:00+00:00,14716.799999999997,14722.299999999997,14683.779999999999,14705.299999999997,5142
2026-03-03T11:00:00+00:00,14705.299999999997,14728.299999999997,14686.289999999999,14717.289999999999,4184
2026-03-03T12:00:00+00:00,14717.289999999999,14739.299999999997,14710.289999999999,14731.289999999999,3508
2026-03-03T13:00:00+00:00,14731.289999999999,14732.799999999997,14678.279999999999,14684.289999999999,3129
2026-03-03T14:00:00+00:00,14684.289999999999,14685.299999999997,14581.279999999999,14582.779999999999,8094
2026-03-03T15:00:00+00:00,14582.779999999999,14613.299999999997,14531.789999999999,14600.279999999999,12918
2026-03-03T16:00:00+00:00,14600.279999999999,14636.289999999999,14580.289999999999,14618.299999999997,7025
2026-03-03T17:00:00+00:00,14618.299999999997,14625.299999999997,14594.279999999999,14611.789999999999,5152
2026-03-03T18:00:00+00:00,14611.789999999999,14675.299999999997,14611.789999999999,14663.789999999999,3772
2026-03-03T19:00:00+00:00,14663.789999999999,14689.799999999997,14653.779999999999,14687.289999999999,3456
2026-03-03T20:00:00+00:00,14687.289999999999,14694.789999999999,14662.279999999999,14670.299999999997,2008
2026-03-04T01:00:00+00:00,14670.299999999997,14719.629999999997,14467.119999999999,14550.119999999999,35208.85295807008
2026-03-04T02:00:00+00:00,14550.119999999999,14573.119999999999,14483.129999999997,14485.109999999999,24690
2026-03-04T03:00:00+00:00,14485.109999999999,14492.129999999997,14415.129999999997,14439.109999999999,13452
2026-03-04T04:00:00+00:00,14439.109999999999,14447.119999999999,14402.619999999999,14405.609999999999,1487
2026-03-04T05:00:00+00:00,14405.609999999999,14489.129999999997,14375.109999999999,14447.129999999997,23587
2026-03-04T06:00:00+00:00,14447.129999999997,14539.619999999999,14427.609999999999,14489.119999999999,14067
2026-03-04T07:00:00+00:00,14489.119999999999,14548.109999999999,14475.609999999999,14544.609999999999,3948
2026-03-04T08:00:00+00:00,14544.609999999999,14555.629999999997,14537.129999999997,14542.109999999999,2130
2026-03-04T09:00:00+00:00,14542.109999999999,14584.129999999997,14541.129999999997,14582.109999999999,2698
2026-03-04T10:00:00+00:00,14582.109999999999,14653.129999999997,14576.109999999999,14630.119999999999,6293
2026-03-04T11:00:00+00:00,14630.119999999999,14647.129999999997,14610.109999999999,14611.109999999999,3016
2026-03-04T12:00:00+00:00,14611.109999999999,14629.129999999997,14585.609999999999,14608.609999999999,3485
2026-03-04T13:00:00+00:00,14608.609999999999,14634.129999999997,14608.109999999999,14616.629999999997,2989
2026-03-04T14:00:00+00:00,14616.629999999997,14626.119999999999,14578.619999999999,14593.609999999999,6922
2026-03-04T15:00:00+00:00,14593.609999999999,14625.129999999997,14576.109999999999,14602.109999999999,6740
2026-03-04T16:00:00+00:00,14602.109999999999,14618.119999999999,14581.119999999999,14613.129999999997,4555
2026-03-04T17:00:00+00:00,14613.129999999997,14623.129999999997,14603.109999999999,14622.129999999997,2433
2026-03-04T18:00:00+00:00,14622.129999999997,14635.119999999999,14610.619999999999,14633.119999999999,1820
2026-03-04T19:00:00+00:00,14633.119999999999,14642.129999999997,14626.119999999999,14629.129999999997,974
2026-03-04T20:00:00+00:00,14629.129999999997,14631.129999999997,14619.119999999999,14624.119999999999,645
2026-03-05T01:00:00+00:00,14624.119999999999,14714.139999999998,14560.629999999997,14585.119999999999,20739.416344916346
2026-03-05T02:00:00+00:00,14585.119999999999,14750.119999999999,14584.139999999998,14749.139999999998,17360
2026-03-05T03:00:00+00:00,14749.139999999998,14764.619999999999,14672.629999999997,14675.139999999998,9075
2026-03-05T04:00:00+00:00,14675.139999999998,14704.619999999999,14674.139999999998,14700.119999999999,973
2026-03-05T05:00:00+00:00,14700.119999999999,14759.619999999999,14667.129999999997,14668.639999999998,12331
2026-03-05T06:00:00+00:00,14668.639999999998,14703.129999999997,14621.639999999998,14702.139999999998,12855
2026-03-05T07:00:00+00:00,14702.139999999998,14715.629999999997,14683.119999999999,14709.119999999999,3467
2026-03-05T08:00:00+00:00,14709.119999999999,14710.139999999998,14679.619999999999,14689.139999999998,2423
2026-03-05T09:00:00+00:00,14689.139999999998,14762.119999999999,14684.619999999999,14711.129999999997,2972
2026-03-05T10:00:00+00:00,14711.129999999997,14725.139999999998,14708.129999999997,14710.139999999998,2739
2026-03-05T11:00:00+00:00,14710.139999999998,14735.139999999998,14705.139999999998,14714.129999999997,2046
2026-03-05T12:00:00+00:00,14714.129999999997,14735.139999999998,14701.129999999997,14716.119999999999,2697
2026-03-05T13:00:00+00:00,14716.119999999999,14717.139999999998,14679.129999999997,14682.619999999999,2862
2026-03-05T14:00:00+00:00,14682.619999999999,14717.619999999999,14667.119999999999,14711.129999999997,6819
2026-03-05T15:00:00+00:00,14711.129999999997,14720.139999999998,14630.119999999999,14646.119999999999,8309
2026-03-05T16:00:00+00:00,14646.119999999999,14652.139999999998,14615.119999999999,14638.129999999997,6695
2026-03-05T17:00:00+00:00,14638.129999999997,14651.139999999998,14601.119999999999,14604.139999999998,5992
2026-03-05T18:00:00+00:00,14604.139999999998,14621.139999999998,14597.119999999999,14602.629999999997,5290
2026-03-05T19:00:00+00:00,14602.629999999997,14619.639999999998,14595.119999999999,14599.619999999999,2919
2026-03-05T20:00:00+00:00,14599.619999999999,14649.139999999998,14592.119999999999,14635.129999999997,2782
2026-03-06T01:00:00+00:00,14635.129999999997,14667.159999999998,14567.669999999998,14623.149999999998,18967.34320784475
2026-03-06T02:00:00+00:00,14623.149999999998,14684.669999999998,14618.159999999998,14658.149999999998,12270
2026-03-06T03:00:00+00:00,14658.149999999998,14697.169999999998,14658.149999999998,14680.669999999998,6439
2026-03-06T04:00:00+00:00,14680.669999999998,14686.669999999998,14673.149999999998,14676.669999999998,682
2026-03-06T05:00:00+00:00,14676.669999999998,14767.159999999998,14672.669999999998,14726.159999999998,9470
2026-03-06T06:00:00+00:00,14726.159999999998,14734.169999999998,14682.669999999998,14707.169999999998,6047
2026-03-06T07:00:00+00:00,14707.169999999998,14721.659999999998,14700.159999999998,14721.659999999998,1343
2026-03-06T08:00:00+00:00,14721.659999999998,14729.169999999998,14699.649999999998,14703.669999999998,957
2026-03-06T09:00:00+00:00,14703.669999999998,14718.669999999998,14643.159999999998,14650.649999999998,3102
2026-03-06T10:00:00+00:00,14650.649999999998,14667.169999999998,14645.159999999998,14653.149999999998,2699
2026-03-06T11:00:00+00:00,14653.149999999998,14658.169999999998,14614.159999999998,14620.169999999998,3435
2026-03-06T12:00:00+00:00,14620.169999999998,14623.169999999998,14600.149999999998,14605.159999999998,3390
2026-03-06T13:00:00+00:00,14605.159999999998,14617.149999999998,14548.149999999998,14550.159999999998,5680
2026-03-06T14:00:00+00:00,14550.159999999998,14580.159999999998,14540.669999999998,14558.169999999998,9146
2026-03-06T15:00:00+00:00,14558.169999999998,14605.159999999998,14557.649999999998,14595.149999999998,8768
2026-03-06T16:00:00+00:00,14595.149999999998,14609.169999999998,14572.149999999998,14582.649999999998,6920
2026-03-06T17:00:00+00:00,14582.649999999998,14590.169999999998,14561.169999999998,14566.149999999998,4622
2026-03-06T18:00:00+00:00,14566.149999999998,14603.649999999998,14565.149999999998,14582.149999999998,4448
2026-03-06T19:00:00+00:00,14582.149999999998,14597.169999999998,14578.169999999998,14589.169999999998,2543
2026-03-06T20:00:00+00:00,14589.169999999998,14598.659999999998,14558.669999999998,14570.649999999998,2336
2026-03-09T01:00:00+00:00,14570.649999999998,14571.149999999998,14282.559999999998,14407.059999999998,40427.936164886516
2026-03-09T02:00:00+00:00,14407.059999999998,14560.069999999998,14387.559999999998,14538.559999999998,28175
2026-03-09T03:00:00+00:00,14538.559999999998,14580.069999999998,14485.059999999998,14537.559999999998,13865
2026-03-09T04:00:00+00:00,14537.559999999998,14553.059999999998,14531.059999999998,14537.569999999998,1090
2026-03-09T05:00:00+00:00,14537.569999999998,14633.059999999998,14494.069999999998,14617.569999999998,15310
2026-03-09T06:00:00+00:00,14617.569999999998,14636.579999999998,14566.559999999998,14596.559999999998,13668
2026-03-09T07:00:00+00:00,14596.559999999998,14629.579999999998,14578.069999999998,14619.579999999998,5834
2026-03-09T08:00:00+00:00,14619.579999999998,14627.079999999998,14603.059999999998,14614.579999999998,4405
2026-03-09T09:00:00+00:00,14614.579999999998,14657.559999999998,14581.559999999998,14594.579999999998,6457
2026-03-09T10:00:00+00:00,14594.579999999998,14599.569999999998,14563.559999999998,14572.069999999998,5966
2026-03-09T11:00:00+00:00,14572.069999999998,14585.559999999998,14557.559999999998,14568.079999999998,3846
2026-03-09T12:00:00+00:00,14568.079999999998,14593.069999999998,14543.069999999998,14549.569999999998,3390
2026-03-09T13:00:00+00:00,14549.569999999998,14590.059999999998,14517.559999999998,14546.559999999998,9561
2026-03-09T14:00:00+00:00,14546.559999999998,14583.579999999998,14534.559999999998,14565.559999999998,11709
2026-03-09T15:00:00+00:00,14565.559999999998,14608.569999999998,14564.579999999998,14602.579999999998,5595
2026-03-09T16:00:00+00:00,14602.579999999998,14639.559999999998,14601.079999999998,14626.559999999998,4122
2026-03-09T17:00:00+00:00,14626.559999999998,14630.579999999998,14592.579999999998,14599.069999999998,3265
2026-03-09T18:00:00+00:00,14599.069999999998,14630.579999999998,14598.559999999998,14621.579999999998,2994
2026-03-09T19:00:00+00:00,14621.579999999998,14705.579999999998,14621.569999999998,14686.059999999998,7061
2026-03-09T20:00:00+00:00,14686.059999999998,14687.579999999998,14666.559999999998,14684.059999999998,436
2026-03-10T01:00:00+00:00,14684.059999999998,14730.189999999999,14659.189999999999,14715.179999999998,17354.636377903327
2026-03-10T02:00:00+00:00,14715.179999999998,14753.689999999999,14695.679999999998,14707.689999999999,14380
2026-03-10T03:00:00+00:00,14707.689999999999,14752.669999999998,14703.679999999998,14716.179999999998,7140
2026-03-10T04:00:00+00:00,14716.179999999998,14731.689999999999,14710.169999999998,14729.179999999998,470.5550360836142
2026-03-10T05:00:00+00:00,14729.179999999998,14769.189999999999,14721.189999999999,14763.189999999999,8369
2026-03-10T06:00:00+00:00,14763.189999999999,14788.679999999998,14743.169999999998,14777.679999999998,5471
2026-03-10T07:00:00+00:00,14777.679999999998,14798.169999999998,14765.179999999998,14798.169999999998,2279
2026-03-10T08:00:00+00:00,14798.169999999998,14812.689999999999,14789.669999999998,14801.679999999998,1731
2026-03-10T09:00:00+00:00,14801.679999999998,14821.189999999999,14791.669999999998,14799.169999999998,1997
2026-03-10T10:00:00+00:00,14799.169999999998,14799.189999999999,14765.169999999998,14782.169999999998,3357
2026-03-10T11:00:00+00:00,14782.169999999998,14802.189999999999,14766.169999999998,14770.169999999998,3138
2026-03-10T12:00:00+00:00,14770.169999999998,14779.179999999998,14745.679999999998,14772.169999999998,3142
2026-03-10T13:00:00+00:00,14772.169999999998,14779.189999999999,14735.169999999998,14739.179999999998,7520
2026-03-10T14:00:00+00:00,14739.179999999998,14823.189999999999,14727.689999999999,14818.689999999999,7336
2026-03-10T15:00:00+00:00,14818.689999999999,14827.689999999999,14798.169999999998,14804.179999999998,4135
2026-03-10T16:00:00+00:00,14804.179999999998,14814.189999999999,14785.179999999998,14811.179999999998,3885
2026-03-10T17:00:00+00:00,14811.179999999998,14841.189999999999,14805.669999999998,14810.179999999998,5004
2026-03-10T18:00:00+00:00,14810.179999999998,14818.679999999998,14757.169999999998,14771.179999999998,9586
2026-03-10T19:00:00+00:00,14771.179999999998,14788.169999999998,14743.179999999998,14748.169999999998,4301
2026-03-10T20:00:00+00:00,14748.169999999998,14756.179999999998,14746.679999999998,14753.669999999998,234.77203321725153
2026-03-11T01:00:00+00:00,14753.669999999998,14846.859999999999,14753.669999999998,14811.879999999997,18192.9133184321
2026-03-11T02:00:00+00:00,14811.879999999997,14982.869999999999,14810.369999999999,14956.379999999997,12428
2026-03-11T03:00:00+00:00,14956.379999999997,14972.369999999999,14913.359999999999,14923.359999999999,7327
2026-03-11T04:00:00+00:00,14923.359999999999,14924.879999999997,14913.359999999999,14917.869999999999,522.7552957694594
2026-03-11T05:00:00+00:00,14917.869999999999,14934.379999999997,14901.359999999999,14922.379999999997,7409
2026-03-11T06:00:00+00:00,14922.379999999997,14951.369999999999,14910.379999999997,14917.859999999999,4204
2026-03-11T07:00:00+00:00,14917.859999999999,14925.859999999999,14891.869999999999,14904.879999999997,1772
2026-03-11T08:00:00+00:00,14904.879999999997,14921.379999999997,14904.879999999997,14910.38,1680
2026-03-11T09:00:00+00:00,14910.38,14910.38,14877.369999999999,14886.38,2195
2026-03-11T10:00:00+00:00,14886.38,14904.389999999998,14883.389999999998,14903.389999999998,2310
2026-03-11T11:00:00+00:00,14903.389999999998,14908.88,14877.369999999999,14882.369999999999,3149
2026-03-11T12:00:00+00:00,14882.369999999999,14900.389999999998,14871.369999999999,14881.889999999998,3506
2026-03-11T13:00:00+00:00,14881.889999999998,14920.88,14881.369999999999,14915.389999999998,5988
2026-03-11T14:00:00+00:00,14915.389999999998,14938.889999999998,14890.369999999999,14926.38,8890
2026-03-11T15:00:00+00:00,14926.38,14933.369999999999,14893.38,14907.369999999999,5924
2026-03-11T16:00:00+00:00,14907.369999999999,14920.389999999998,14895.38,14909.889999999998,4515
2026-03-11T17:00:00+00:00,14909.889999999998,14915.389999999998,14877.389999999998,14886.38,4455
2026-03-11T18:00:00+00:00,14886.38,14903.389999999998,14874.369999999999,14898.369999999999,2884
2026-03-11T19:00:00+00:00,14898.369999999999,14911.889999999998,14892.369999999999,14911.889999999998,1018
2026-03-11T20:00:00+00:00,14911.889999999998,14911.889999999998,14903.369999999999,14904.869999999999,132.80288035208642
2026-03-12T01:00:00+00:00,14904.869999999999,14931.919999999998,14859.439999999999,14887.429999999998,12506.720171890798
2026-03-12T02:00:00+00:00,14887.429999999998,14931.929999999998,14814.919999999998,14826.439999999999,14263
2026-03-12T03:00:00+00:00,14826.439999999999,14836.419999999998,14786.419999999998,14794.419999999998,6622
2026-03-12T04:00:00+00:00,14794.419999999998,14802.939999999999,14789.419999999998,14791.429999999998,525.654924922089
2026-03-12T05:00:00+00:00,14791.429999999998,14847.429999999998,14772.919999999998,14845.919999999998,7812
2026-03-12T06:00:00+00:00,14845.919999999998,14882.439999999999,14838.419999999998,14857.419999999998,6290
2026-03-12T07:00:00+00:00,14857.419999999998,14876.429999999998,14852.419999999998,14875.439999999999,1420
2026-03-12T08:00:00+00:00,14875.439999999999,14884.439999999999,14866.929999999998,14866.929999999998,915
2026-03-12T09:00:00+00:00,14866.929999999998,14881.439999999999,14851.419999999998,14875.429999999998,1239
2026-03-12T10:00:00+00:00,14875.429999999998,14877.929999999998,14860.419999999998,14863.929999999998,1632
2026-03-12T11:00:00+00:00,14863.929999999998,14879.939999999999,14858.919999999998,14860.429999999998,1514
2026-03-12T12:00:00+00:00,14860.429999999998,14862.419999999998,14834.419999999998,14839.439999999999,2614
2026-03-12T13:00:00+00:00,14839.439999999999,14845.439999999999,14801.939999999999,14809.439999999999,5999
2026-03-12T14:00:00+00:00,14809.439999999999,14825.439999999999,14781.419999999998,14785.929999999998,6713
2026-03-12T15:00:00+00:00,14785.929999999998,14813.439999999999,14772.419999999998,14809.429999999998,6100
2026-03-12T16:00:00+00:00,14809.429999999998,14827.929999999998,14790.429999999998,14803.439999999999,5537
2026-03-12T17:00:00+00:00,14803.439999999999,14819.919999999998,14793.429999999998,14801.439999999999,3710
2026-03-12T18:00:00+00:00,14801.439999999999,14812.439999999999,14796.419999999998,14799.429999999998,2857
2026-03-12T19:00:00+00:00,14799.429999999998,14808.439999999999,14795.419999999998,14797.919999999998,1694
2026-03-12T20:00:00+00:00,14797.919999999998,14802.419999999998,14796.929999999998,14801.419999999998,167.3356504468719
2026-03-13T01:00:00+00:00,14801.419999999998,14907.639999999998,14795.139999999998,14899.639999999998,18490.129189518586
2026-03-13T02:00:00+00:00,14899.639999999998,14940.659999999998,14881.139999999998,14916.149999999998,13347
2026-03-13T03:00:00+00:00,14916.149999999998,14931.159999999998,14884.639999999998,14899.149999999998,5265
2026-03-13T04:00:00+00:00,14899.149999999998,14901.139999999998,14891.639999999998,14897.139999999998,639
2026-03-13T05:00:00+00:00,14897.139999999998,14980.649999999998,14892.139999999998,14922.659999999998,9394
2026-03-13T06:00:00+00:00,14922.659999999998,14926.639999999998,14855.139999999998,14888.149999999998,7613
2026-03-13T07:00:00+00:00,14888.149999999998,14888.149999999998,14857.139999999998,14877.149999999998,2190
2026-03-13T08:00:00+00:00,14877.149999999998,14877.149999999998,14847.139999999998,14856.659999999998,1049
2026-03-13T09:00:00+00:00,14856.659999999998,14874.659999999998,14843.639999999998,14862.149999999998,1569
2026-03-13T10:00:00+00:00,14862.149999999998,14909.139999999998,14860.139999999998,14904.149999999998,1292
2026-03-13T11:00:00+00:00,14904.149999999998,14919.159999999998,14893.659999999998,14919.139999999998,1274
2026-03-13T12:00:00+00:00,14919.139999999998,15017.159999999998,14918.659999999998,14971.659999999998,3036
2026-03-13T13:00:00+00:00,14971.659999999998,14977.139999999998,14946.139999999998,14961.149999999998,4916
2026-03-13T14:00:00+00:00,14961.149999999998,14968.649999999998,14914.139999999998,14915.659999999998,6427
2026-03-13T15:00:00+00:00,14915.659999999998,14942.159999999998,14877.149999999998,14880.139999999998,6945
2026-03-13T16:00:00+00:00,14880.139999999998,14910.159999999998,14873.139999999998,14891.159999999998,5876
2026-03-13T17:00:00+00:00,14891.159999999998,14909.159999999998,14878.139999999998,14882.149999999998,3911
2026-03-13T18:00:00+00:00,14882.149999999998,14899.159999999998,14875.139999999998,14891.639999999998,2812
2026-03-13T19:00:00+00:00,14891.639999999998,14891.659999999998,14867.139999999998,14878.659999999998,1910
2026-03-13T20:00:00+00:00,14878.659999999998,14882.649999999998,14873.659999999998,14880.649999999998,223.53310361801624
2026-03-16T01:00:00+00:00,14880.649999999998,14911.72,14766.71,14893.71,24274.041632541634
2026-03-16T02:00:00+00:00,14893.71,14944.72,14835.71,14867.199999999999,21760
2026-03-16T03:00:00+00:00,14867.199999999999,14922.72,14846.21,14919.71,6547
2026-03-16T04:00:00+00:00,14919.71,14924.72,14916.699999999999,14920.71,529.050209502166
2026-03-16T05:00:00+00:00,14920.71,14991.72,14914.71,14981.699999999999,12387
2026-03-16T06:00:00+00:00,14981.699999999999,15003.22,14969.71,14992.72,5808
2026-03-16T07:00:00+00:00,14992.72,15002.22,14976.22,14984.72,1427
2026-03-16T08:00:00+00:00,14984.72,14990.72,14970.699999999999,14975.22,940
2026-03-16T09:00:00+00:00,14975.22,14975.22,14934.71,14955.21,2051
2026-03-16T10:00:00+00:00,14955.21,14990.22,14951.71,14974.21,2725
2026-03-16T11:00:00+00:00,14974.21,14984.21,14962.72,14979.72,1318
2026-03-16T12:00:00+00:00,14979.72,14990.71,14972.199999999999,14973.22,1409
2026-03-16T13:00:00+00:00,14973.22,15008.72,14962.699999999999,14996.71,3339
2026-03-16T14:00:00+00:00,14996.71,15004.699999999999,14969.699999999999,14991.72,3836
2026-03-16T15:00:00+00:00,14991.72,14996.199999999999,14969.699999999999,14973.21,3140
2026-03-16T16:00:00+00:00,14973.21,14976.72,14954.699999999999,14967.72,3450
2026-03-16T17:00:00+00:00,14967.72,14978.72,14959.72,14964.699999999999,2213
2026-03-16T18:00:00+00:00,14964.699999999999,14987.72,14964.699999999999,14982.72,1443
2026-03-16T19:00:00+00:00,14982.72,14997.72,14973.699999999999,14983.21,1916
2026-03-16T20:00:00+00:00,14983.21,14983.22,14975.699999999999,14977.199999999999,142.99730774678238
2026-03-17T01:00:00+00:00,14977.199999999999,15160.829999999998,14966.809999999998,15153.329999999998,18423.977955478713
2026-03-17T02:00:00+00:00,15153.329999999998,15227.819999999998,15152.809999999998,15154.809999999998,13103
2026-03-17T03:00:00+00:00,15154.809999999998,15159.819999999998,15113.809999999998,15136.319999999998,5675
2026-03-17T04:00:00+00:00,15136.319999999998,15140.309999999998,15127.819999999998,15136.819999999998,526
2026-03-17T05:00:00+00:00,15136.819999999998,15147.809999999998,15055.809999999998,15055.819999999998,8253
2026-03-17T06:00:00+00:00,15055.819999999998,15074.829999999998,15006.309999999998,15008.829999999998,11206
2026-03-17T07:00:00+00:00,15008.829999999998,15036.829999999998,15007.809999999998,15034.319999999998,1406
2026-03-17T08:00:00+00:00,15034.319999999998,15041.819999999998,15021.809999999998,15041.819999999998,1043
2026-03-17T09:00:00+00:00,15041.819999999998,15064.829999999998,15017.809999999998,15064.819999999998,1991
2026-03-17T10:00:00+00:00,15064.819999999998,15064.829999999998,15045.809999999998,15054.819999999998,1090
2026-03-17T11:00:00+00:00,15054.819999999998,15070.829999999998,15053.809999999998,15066.829999999998,882
2026-03-17T12:00:00+00:00,15066.829999999998,15083.829999999998,15064.809999999998,15078.809999999998,1051
2026-03-17T13:00:00+00:00,15078.809999999998,15098.829999999998,15077.809999999998,15085.819999999998,3121
2026-03-17T14:00:00+00:00,15085.819999999998,15093.829999999998,15071.809999999998,15084.809999999998,3309
2026-03-17T15:00:00+00:00,15084.809999999998,15085.829999999998,15053.809999999998,15070.329999999998,4035
2026-03-17T16:00:00+00:00,15070.329999999998,15071.329999999998,15054.309999999998,15063.809999999998,3024
2026-03-17T17:00:00+00:00,15063.809999999998,15071.329999999998,15059.819999999998,15067.829999999998,1430
2026-03-17T18:00:00+00:00,15067.829999999998,15072.829999999998,15056.309999999998,15057.829999999998,1351
2026-03-17T19:00:00+00:00,15057.829999999998,15059.329999999998,15049.829999999998,15059.329999999998,545
2026-03-17T20:00:00+00:00,15059.329999999998,15063.819999999998,15057.329999999998,15061.329999999998,112.52783207308065
2026-03-18T01:00:00+00:00,15061.329999999998,15061.329999999998,14961.499999999998,14968.999999999998,15618.958085808581
2026-03-18T02:00:00+00:00,14968.999999999998,14991.009999999998,14917.489999999998,14943.499999999998,14119
2026-03-18T03:00:00+00:00,14943.499999999998,14968.009999999998,14931.999999999998,14960.009999999998,5981
2026-03-18T04:00:00+00:00,14960.009999999998,14963.989999999998,14938.989999999998,14943.489999999998,663
2026-03-18T05:00:00+00:00,14943.489999999998,14963.989999999998,14886.509999999998,14938.509999999998,12999
2026-03-18T06:00:00+00:00,14938.509999999998,15023.489999999998,14934.489999999998,14996.009999999998,9213
2026-03-18T07:00:00+00:00,14996.009999999998,15007.509999999998,14983.489999999998,14988.499999999998,2079
2026-03-18T08:00:00+00:00,14988.499999999998,14990.509999999998,14975.489999999998,14983.009999999998,1080
2026-03-18T09:00:00+00:00,14983.009999999998,14983.019999999999,14965.009999999998,14977.019999999999,837
2026-03-18T10:00:00+00:00,14977.019999999999,14979.009999999998,14958.999999999998,14959.999999999998,606
2026-03-18T11:00:00+00:00,14959.999999999998,14963.999999999998,14936.999999999998,14943.999999999998,1789
2026-03-18T12:00:00+00:00,14943.999999999998,14947.019999999999,14879.009999999998,14886.499999999998,4269
2026-03-18T13:00:00+00:00,14886.499999999998,14915.009999999998,14878.019999999999,14914.519999999999,5464
2026-03-18T14:00:00+00:00,14914.519999999999,14922.519999999999,14861.509999999998,14886.009999999998,5715
2026-03-18T15:00:00+00:00,14886.009999999998,14892.019999999999,14870.999999999998,14887.009999999998,3630
2026-03-18T16:00:00+00:00,14887.009999999998,14893.019999999999,14873.999999999998,14885.999999999998,2740
2026-03-18T17:00:00+00:00,14885.999999999998,14893.009999999998,14876.499999999998,14882.019999999999,1981
2026-03-18T18:00:00+00:00,14882.019999999999,14889.019999999999,14832.009999999998,14834.009999999998,5050
2026-03-18T19:00:00+00:00,14834.009999999998,14850.509999999998,14824.499999999998,14831.499999999998,1935
2026-03-18T20:00:00+00:00,14831.499999999998,14832.019999999999,14815.499999999998,14822.009999999998,278.14657980456025
2026-03-19T01:00:00+00:00,14822.009999999998,14995.199999999999,14820.009999999998,14929.179999999998,23659.372170439412
2026-03-19T02:00:00+00:00,14929.179999999998,14963.199999999999,14889.189999999999,14895.189999999999,20066
2026-03-19T03:00:00+00:00,14895.189999999999,14934.199999999999,14888.179999999998,14914.179999999998,7241
2026-03-19T04:00:00+00:00,14914.179999999998,14915.199999999999,14902.179999999998,14909.199999999999,507
2026-03-19T05:00:00+00:00,14909.199999999999,14920.199999999999,14834.179999999998,14893.199999999999,14029
2026-03-19T06:00:00+00:00,14893.199999999999,14927.199999999999,14823.699999999999,14847.179999999998,14427
2026-03-19T07:00:00+00:00,14847.179999999998,14853.179999999998,14829.179999999998,14843.199999999999,3361
2026-03-19T08:00:00+00:00,14843.199999999999,14857.199999999999,14835.189999999999,14842.179999999998,2414
2026-03-19T09:00:00+00:00,14842.179999999998,14868.699999999999,14808.189999999999,14862.179999999998,2422
2026-03-19T10:00:00+00:00,14862.179999999998,14862.179999999998,14828.179999999998,14834.699999999999,1969
2026-03-19T11:00:00+00:00,14834.699999999999,14842.199999999999,14810.189999999999,14818.199999999999,2766
2026-03-19T12:00:00+00:00,14818.199999999999,14824.189999999999,14784.199999999999,14790.189999999999,4650
2026-03-19T13:00:00+00:00,14790.189999999999,14848.699999999999,14780.189999999999,14840.699999999999,9494
2026-03-19T14:00:00+00:00,14840.699999999999,14858.199999999999,14827.189999999999,14834.179999999998,6847
2026-03-19T15:00:00+00:00,14834.179999999998,14854.199999999999,14810.189999999999,14828.199999999999,6072
2026-03-19T16:00:00+00:00,14828.199999999999,14844.699999999999,14808.179999999998,14821.189999999999,4797
2026-03-19T17:00:00+00:00,14821.189999999999,14829.699999999999,14797.689999999999,14814.179999999998,3077
2026-03-19T18:00:00+00:00,14814.179999999998,14823.199999999999,14799.189999999999,14818.189999999999,2286
2026-03-19T19:00:00+00:00,14818.189999999999,14886.199999999999,14817.179999999998,14857.689999999999,6090
2026-03-19T20:00:00+00:00,14857.689999999999,14857.689999999999,14841.679999999998,14846.699999999999,209.31428571428572
2026-03-20T01:00:00+00:00,14846.699999999999,15016.949999999999,14798.429999999998,14969.429999999998,18746.145806061828
2026-03-20T02:00:00+00:00,14969.429999999998,14994.439999999999,14926.929999999998,14934.449999999999,21294
2026-03-20T03:00:00+00:00,14934.449999999999,15012.439999999999,14912.949999999999,15001.929999999998,10386
2026-03-20T04:00:00+00:00,15001.929999999998,15003.449999999999,14992.439999999999,14994.439999999999,504.4795359892447
2026-03-20T05:00:00+00:00,14994.439999999999,14997.449999999999,14895.949999999999,14897.429999999998,12049
2026-03-20T06:00:00+00:00,14897.429999999998,14928.939999999999,14814.429999999998,14828.939999999999,7086
2026-03-20T07:00:00+00:00,14828.939999999999,14844.429999999998,14785.429999999998,14840.429999999998,3338
2026-03-20T08:00:00+00:00,14840.429999999998,14844.449999999999,14829.429999999998,14833.429999999998,904
2026-03-20T09:00:00+00:00,14833.429999999998,14833.429999999998,14787.929999999998,14818.439999999999,3697
2026-03-20T10:00:00+00:00,14818.439999999999,14821.439999999999,14783.439999999999,14800.929999999998,2939
2026-03-20T11:00:00+00:00,14800.929999999998,14819.449999999999,14792.429999999998,14805.929999999998,2438
2026-03-20T12:00:00+00:00,14805.929999999998,14818.939999999999,14785.429999999998,14799.439999999999,2535
2026-03-20T13:00:00+00:00,14799.439999999999,14800.949999999999,14760.429999999998,14764.449999999999,5732
2026-03-20T14:00:00+00:00,14764.449999999999,14774.929999999998,14733.439999999999,14745.449999999999,7060
2026-03-20T15:00:00+00:00,14745.449999999999,14772.439999999999,14734.429999999998,14739.429999999998,5882
2026-03-20T16:00:00+00:00,14739.429999999998,14757.439999999999,14717.429999999998,14733.939999999999,4091
2026-03-20T17:00:00+00:00,14733.939999999999,14738.429999999998,14705.939999999999,14724.429999999998,4194
2026-03-20T18:00:00+00:00,14724.429999999998,14727.449999999999,14675.429999999998,14682.429999999998,3613
2026-03-20T19:00:00+00:00,14682.429999999998,14704.429999999998,14676.929999999998,14692.429999999998,2307
2026-03-20T20:00:00+00:00,14692.429999999998,14701.439999999999,14691.929999999998,14694.949999999999,229
2026-03-23T01:00:00+00:00,14694.949999999999,14724.989999999998,14520.48,14622.98,36073.14366705321
2026-03-23T02:00:00+00:00,14622.98,14654.98,14525.97,14567.97,27723
2026-03-23T03:00:00+00:00,14567.97,14613.489999999998,14508.98,14516.97,13564
2026-03-23T04:00:00+00:00,14516.97,14529.989999999998,14509.97,14525.489999999998,1603
2026-03-23T05:00:00+00:00,14525.489999999998,14588.989999999998,14420.98,14434.989999999998,24521
2026-03-23T06:00:00+00:00,14434.989999999998,14439.489999999998,14315.489999999998,14370.48,29697
2026-03-23T07:00:00+00:00,14370.48,14423.989999999998,14337.489999999998,14417.98,6504
2026-03-23T08:00:00+00:00,14417.98,14434.989999999998,14406.97,14415.47,3018
2026-03-23T09:00:00+00:00,14415.47,14430.989999999998,14381.97,14390.97,2575
2026-03-23T10:00:00+00:00,14390.97,14401.989999999998,14364.47,14386.989999999998,4574
2026-03-23T11:00:00+00:00,14386.989999999998,14679.97,14386.98,14523.97,36164
2026-03-23T12:00:00+00:00,14523.97,14696.489999999998,14499.98,14693.97,18770
2026-03-23T13:00:00+00:00,14693.97,14695.989999999998,14567.98,14619.48,19176
2026-03-23T14:00:00+00:00,14619.48,14669.989999999998,14609.97,14635.489999999998,13929
2026-03-23T15:00:00+00:00,14635.489999999998,14659.989999999998,14536.97,14541.97,11071
2026-03-23T16:00:00+00:00,14541.97,14560.989999999998,14520.98,14537.489999999998,11023
2026-03-23T17:00:00+00:00,14537.489999999998,14576.97,14517.98,14574.489999999998,7667
2026-03-23T18:00:00+00:00,14574.489999999998,14595.48,14553.98,14580.989999999998,5692
2026-03-23T19:00:00+00:00,14580.989999999998,14582.98,14550.97,14559.47,2170
2026-03-23T20:00:00+00:00,14559.47,14565.489999999998,14553.97,14561.98,603
2026-03-24T01:00:00+00:00,14561.98,14561.98,14343.81,14344.31,28742.68604750879
2026-03-24T02:00:00+00:00,14344.31,14496.819999999998,14316.8,14478.819999999998,36434
2026-03-24T03:00:00+00:00,14478.819999999998,14500.819999999998,14441.8,14475.8,12200
2026-03-24T04:00:00+00:00,14475.8,14476.8,14458.8,14464.31,780
2026-03-24T05:00:00+00:00,14464.31,14476.81,14402.3,14428.819999999998,18562
2026-03-24T06:00:00+00:00,14428.819999999998,14532.31,14418.31,14519.819999999998,16390
2026-03-24T07:00:00+00:00,14519.819999999998,14547.819999999998,14514.8,14526.819999999998,4257
2026-03-24T08:00:00+00:00,14526.819999999998,14537.819999999998,14502.8,14507.3,2586
2026-03-24T09:00:00+00:00,14507.3,14520.819999999998,14475.31,14518.319999999998,1440
2026-03-24T10:00:00+00:00,14518.319999999998,14518.819999999998,14492.819999999998,14508.819999999998,2954
2026-03-24T11:00:00+00:00,14508.819999999998,14518.819999999998,14482.8,14512.31,3135
2026-03-24T12:00:00+00:00,14512.31,14515.819999999998,14466.81,14469.8,3473
2026-03-24T13:00:00+00:00,14469.8,14485.819999999998,14435.819999999998,14473.81,9795
2026-03-24T14:00:00+00:00,14473.81,14532.319999999998,14470.819999999998,14491.81,10139
2026-03-24T15:00:00+00:00,14491.81,14521.319999999998,14491.81,14496.81,6014
2026-03-24T16:00:00+00:00,14496.81,14526.319999999998,14494.8,14505.819999999998,4325
2026-03-24T17:00:00+00:00,14505.819999999998,14507.819999999998,14471.8,14495.819999999998,6203
2026-03-24T18:00:00+00:00,14495.819999999998,14519.8,14484.8,14499.819999999998,4097
2026-03-24T19:00:00+00:00,14499.819999999998,14514.819999999998,14487.8,14489.8,1724
2026-03-24T20:00:00+00:00,14489.8,14538.81,14486.8,14522.31,2139
2026-03-25T01:00:00+00:00,14522.31,14657.419999999998,14521.81,14633.439999999999,25311.879757362294
2026-03-25T02:00:00+00:00,14633.439999999999,14714.439999999999,14614.429999999998,14690.439999999999,24197
2026-03-25T03:00:00+00:00,14690.439999999999,14696.939999999999,14647.419999999998,14648.939999999999,9555
2026-03-25T04:00:00+00:00,14648.939999999999,14679.939999999999,14647.419999999998,14674.419999999998,1331
2026-03-25T05:00:00+00:00,14674.419999999998,14772.429999999998,14670.419999999998,14734.939999999999,16379
2026-03-25T06:00:00+00:00,14734.939999999999,14741.939999999999,14706.919999999998,14728.929999999998,11116
2026-03-25T07:00:00+00:00,14728.929999999998,14743.939999999999,14725.419999999998,14739.419999999998,2643
2026-03-25T08:00:00+00:00,14739.419999999998,14782.429999999998,14738.439999999999,14772.939999999999,2087
2026-03-25T09:00:00+00:00,14772.939999999999,14772.939999999999,14729.439999999999,14745.929999999998,1062
2026-03-25T10:00:00+00:00,14745.929999999998,14761.439999999999,14740.429999999998,14743.939999999999,1020
2026-03-25T11:00:00+00:00,14743.939999999999,14771.929999999998,14742.929999999998,14760.939999999999,2012
2026-03-25T12:00:00+00:00,14760.939999999999,14778.939999999999,14727.419999999998,14750.919999999998,3786
2026-03-25T13:00:00+00:00,14750.919999999998,14768.429999999998,14732.429999999998,14739.429999999998,5233
2026-03-25T14:00:00+00:00,14739.429999999998,14774.439999999999,14730.419999999998,14761.419999999998,5399
2026-03-25T15:00:00+00:00,14761.419999999998,14763.919999999998,14712.919999999998,14747.439999999999,5305
2026-03-25T16:00:00+00:00,14747.439999999999,14773.439999999999,14736.419999999998,14757.419999999998,4229
2026-03-25T17:00:00+00:00,14757.419999999998,14777.939999999999,14752.919999999998,14761.419999999998,2850
2026-03-25T18:00:00+00:00,14761.419999999998,14767.439999999999,14742.429999999998,14754.429999999998,2050
2026-03-25T19:00:00+00:00,14754.429999999998,14758.939999999999,14744.939999999999,14757.919999999998,1434
2026-03-25T20:00:00+00:00,14757.919999999998,14763.439999999999,14754.419999999998,14755.439999999999,235.93459099756086
2026-03-26T01:00:00+00:00,14755.439999999999,14796.55,14706.56,14775.569999999998,19898.028434268832
2026-03-26T02:00:00+00:00,14775.569999999998,14810.069999999998,14739.069999999998,14751.56,18488
2026-03-26T03:00:00+00:00,14751.56,14765.56,14733.55,14756.069999999998,8063
2026-03-26T04:00:00+00:00,14756.069999999998,14764.069999999998,14750.56,14757.06,693
2026-03-26T05:00:00+00:00,14757.06,14760.56,14644.55,14649.569999999998,14405
2026-03-26T06:00:00+00:00,14649.569999999998,14667.569999999998,14610.56,14639.06,12026
2026-03-26T07:00:00+00:00,14639.06,14642.569999999998,14621.55,14630.569999999998,2285
2026-03-26T08:00:00+00:00,14630.569999999998,14639.569999999998,14616.55,14624.569999999998,1936
2026-03-26T09:00:00+00:00,14624.569999999998,14624.569999999998,14597.569999999998,14623.05,1415
2026-03-26T10:00:00+00:00,14623.05,14636.569999999998,14618.55,14625.56,795
2026-03-26T11:00:00+00:00,14625.56,14626.55,14597.56,14600.06,1334
2026-03-26T12:00:00+00:00,14600.06,14618.569999999998,14593.06,14612.55,1744
2026-03-26T13:00:00+00:00,14612.55,14662.569999999998,14607.55,14649.55,4969
2026-03-26T14:00:00+00:00,14649.55,14670.569999999998,14625.55,14648.56,6376
2026-03-26T15:00:00+00:00,14648.56,14657.569999999998,14635.55,14644.05,3939
2026-03-26T16:00:00+00:00,14644.05,14646.569999999998,14614.55,14621.06,2564
2026-03-26T17:00:00+00:00,14621.06,14625.569999999998,14602.55,14602.569999999998,2024
2026-03-26T18:00:00+00:00,14602.569999999998,14613.569999999998,14599.55,14613.569999999998,1627
2026-03-26T19:00:00+00:00,14613.569999999998,14613.569999999998,14586.05,14586.56,1390
2026-03-26T20:00:00+00:00,14586.56,14620.069999999998,14578.55,14604.55,2190
2026-03-27T01:00:00+00:00,14604.55,14654.839999999998,14558.849999999999,14635.839999999998,23595.57855361596
2026-03-27T02:00:00+00:00,14635.839999999998,14739.839999999998,14629.359999999999,14675.349999999999,20110
2026-03-27T03:00:00+00:00,14675.349999999999,14763.859999999999,14671.839999999998,14760.859999999999,8707
2026-03-27T04:00:00+00:00,14760.859999999999,14767.339999999998,14747.839999999998,14747.839999999998,643
2026-03-27T05:00:00+00:00,14747.839999999998,14800.849999999999,14747.839999999998,14760.349999999999,14375
2026-03-27T06:00:00+00:00,14760.349999999999,14763.859999999999,14733.339999999998,14739.339999999998,6228
2026-03-27T07:00:00+00:00,14739.339999999998,14747.359999999999,14723.839999999998,14724.359999999999,1684
2026-03-27T08:00:00+00:00,14724.359999999999,14730.859999999999,14704.839999999998,14709.349999999999,1288
2026-03-27T09:00:00+00:00,14709.349999999999,14713.849999999999,14674.839999999998,14707.359999999999,1427
2026-03-27T10:00:00+00:00,14707.359999999999,14714.859999999999,14680.359999999999,14682.839999999998,1062
2026-03-27T11:00:00+00:00,14682.839999999998,14693.859999999999,14674.849999999999,14677.349999999999,1967
2026-03-27T12:00:00+00:00,14677.349999999999,14685.859999999999,14661.849999999999,14679.859999999999,2169
2026-03-27T13:00:00+00:00,14679.859999999999,14681.849999999999,14643.839999999998,14650.359999999999,4778
2026-03-27T14:00:00+00:00,14650.359999999999,14670.859999999999,14644.839999999998,14660.349999999999,4499
2026-03-27T15:00:00+00:00,14660.349999999999,14688.839999999998,14656.839999999998,14658.839999999998,4294
2026-03-27T16:00:00+00:00,14658.839999999998,14660.359999999999,14633.839999999998,14642.359999999999,2224
2026-03-27T17:00:00+00:00,14642.359999999999,14658.839999999998,14626.839999999998,14630.859999999999,1942
2026-03-27T18:00:00+00:00,14630.859999999999,14645.349999999999,14626.839999999998,14630.339999999998,1502
2026-03-27T19:00:00+00:00,14630.339999999998,14636.849999999999,14618.839999999998,14626.849999999999,1565
2026-03-27T20:00:00+00:00,14626.849999999999,14627.859999999999,14610.339999999998,14610.849999999999,603.9623824451411
2026-03-30T01:00:00+00:00,14610.849999999999,14634.399999999998,14487.399999999998,14552.89,24347.84458259325
2026-03-30T02:00:00+00:00,14552.89,14634.409999999998,14535.89,14606.409999999998,20090
2026-03-30T03:00:00+00:00,14606.409999999998,14702.399999999998,14601.899999999998,14690.39,8748
2026-03-30T04:00:00+00:00,14690.39,14695.899999999998,14687.909999999998,14692.399999999998,448
2026-03-30T05:00:00+00:00,14692.399999999998,14696.409999999998,14639.409999999998,14677.399999999998,13695
2026-03-30T06:00:00+00:00,14677.399999999998,14697.39,14662.39,14691.39,6709
2026-03-30T07:00:00+00:00,14691.39,14691.399999999998,14663.399999999998,14673.409999999998,2017
2026-03-30T08:00:00+00:00,14673.409999999998,14686.909999999998,14667.39,14684.909999999998,892
2026-03-30T09:00:00+00:00,14684.909999999998,14687.409999999998,14652.39,14659.89,1900
2026-03-30T10:00:00+00:00,14659.89,14676.409999999998,14653.899999999998,14674.39,1597
2026-03-30T11:00:00+00:00,14674.39,14726.39,14673.399999999998,14688.39,3917.188227241615
2026-03-30T12:00:00+00:00,14688.39,14708.38,14679.89,14699.38,1464
2026-03-30T13:00:00+00:00,14699.38,14704.88,14672.89,14678.39,3980
2026-03-30T14:00:00+00:00,14678.39,14689.89,14661.87,14683.88,6155
2026-03-30T15:00:00+00:00,14683.88,14718.88,14665.88,14704.37,4724
2026-03-30T16:00:00+00:00,14704.37,14705.38,14684.87,14687.89,2430
2026-03-30T17:00:00+00:00,14687.89,14690.89,14666.87,14670.88,2328
2026-03-30T18:00:00+00:00,14670.88,14678.89,14660.87,14662.89,1615
2026-03-30T19:00:00+00:00,14662.89,14672.89,14643.87,14671.87,1828
2026-03-30T20:00:00+00:00,14671.87,14673.89,14657.88,14667.88,321.0748494951274
2026-03-31T01:00:00+00:00,14667.88,14803.87,14667.88,14754.38,22957.62964311726
2026-03-31T02:00:00+00:00,14754.38,14831.86,14732.38,14732.88,19963
2026-03-31T03:00:00+00:00,14732.88,14740.88,14672.86,14681.88,9464
2026-03-31T04:00:00+00:00,14681.88,14690.87,14676.86,14689.37,837.2531520395551
2026-03-31T05:00:00+00:00,14689.37,14776.88,14652.36,14746.86,13072
2026-03-31T06:00:00+00:00,14746.86,14750.88,14640.86,14656.86,10176
2026-03-31T07:00:00+00:00,14656.86,14677.88,14652.38,14675.87,2002
2026-03-31T08:00:00+00:00,14675.87,14682.88,14665.86,14672.36,931
2026-03-31T09:00:00+00:00,14672.36,14675.88,14651.87,14656.86,1015
2026-03-31T10:00:00+00:00,14656.86,14672.88,14636.86,14670.88,1651
2026-03-31T11:00:00+00:00,14670.88,14709.87,14659.87,14700.88,5288
2026-03-31T12:00:00+00:00,14700.88,14721.38,14690.37,14697.87,3367
2026-03-31T13:00:00+00:00,14697.87,14733.38,14690.87,14730.86,3785
2026-03-31T14:00:00+00:00,14730.86,14752.86,14699.87,14708.88,4870
2026-03-31T15:00:00+00:00,14708.88,14746.88,14705.86,14717.86,4227
2026-03-31T16:00:00+00:00,14717.86,14809.38,14715.86,14785.36,11259
2026-03-31T17:00:00+00:00,14785.36,14805.88,14778.88,14787.87,6700
2026-03-31T18:00:00+00:00,14787.87,14814.88,14786.37,14812.88,2647
2026-03-31T19:00:00+00:00,14812.88,14850.87,14805.86,14849.86,1601
2026-03-31T20:00:00+00:00,14849.86,14851.88,14838.86,14842.87,592
2026-04-01T01:00:00+00:00,14842.87,14857.32,14750.81,14813.83,16769.822839358392
2026-04-01T02:00:00+00:00,14813.83,14903.83,14812.81,14890.82,13434
2026-04-01T03:00:00+00:00,14890.82,14896.83,14847.81,14855.81,3207
2026-04-01T04:00:00+00:00,14855.81,14857.83,14844.82,14847.82,533
2026-04-01T05:00:00+00:00,14847.82,14891.83,14829.32,14835.83,7061
2026-04-01T06:00:00+00:00,14835.83,14893.83,14831.81,14877.81,4942
2026-04-01T07:00:00+00:00,14877.81,14879.83,14823.33,14825.83,1790
2026-04-01T08:00:00+00:00,14825.83,14840.31,14815.81,14838.33,1054
2026-04-01T09:00:00+00:00,14838.33,14839.31,14807.81,14821.33,1262
2026-04-01T10:00:00+00:00,14821.33,14823.83,14806.31,14822.82,1431
2026-04-01T11:00:00+00:00,14822.82,14832.83,14815.81,14832.33,1152
2026-04-01T12:00:00+00:00,14832.33,14855.31,14816.31,14820.82,3351
2026-04-01T13:00:00+00:00,14820.82,14850.83,14812.81,14826.81,4329
2026-04-01T14:00:00+00:00,14826.81,14863.83,14818.81,14862.81,5398
2026-04-01T15:00:00+00:00,14862.81,14879.83,14849.83,14874.81,2555
2026-04-01T16:00:00+00:00,14874.81,14876.83,14859.81,14873.82,1548
2026-04-01T17:00:00+00:00,14873.82,14880.82,14861.81,14861.82,1233
2026-04-01T18:00:00+00:00,14861.82,14863.81,14828.82,14835.83,2691
2026-04-01T19:00:00+00:00,14835.83,14859.83,14833.82,14841.83,1488
2026-04-01T20:00:00+00:00,14841.83,14849.83,14839.81,14845.33,239.7558212665949
2026-04-02T01:00:00+00:00,14845.33,14863.710000000001,14757.19,14829.19,24329.857386041233
2026-04-02T02:00:00+00:00,14829.19,14854.210000000001,14764.69,14786.7,16458
2026-04-02T03:00:00+00:00,14786.7,14792.710000000001,14761.69,14765.7,5449
2026-04-02T04:00:00+00:00,14765.7,14766.710000000001,14757.69,14763.210000000001,740
2026-04-02T05:00:00+00:00,14763.210000000001,14763.210000000001,14674.69,14682.19,9896
2026-04-02T06:00:00+00:00,14682.19,14758.7,14669.710000000001,14737.19,9263
2026-04-02T07:00:00+00:00,14737.19,14762.7,14728.69,14761.69,2117
2026-04-02T08:00:00+00:00,14761.69,14763.710000000001,14747.69,14753.7,1023
2026-04-02T09:00:00+00:00,14753.7,14761.69,14747.69,14754.69,863
2026-04-02T10:00:00+00:00,14754.69,14754.710000000001,14731.710000000001,14746.69,1227
2026-04-02T11:00:00+00:00,14746.69,14750.710000000001,14733.69,14733.710000000001,1112
2026-04-02T12:00:00+00:00,14733.710000000001,14761.710000000001,14724.2,14746.710000000001,1794
2026-04-02T13:00:00+00:00,14746.710000000001,14782.69,14729.69,14782.69,4357
2026-04-02T14:00:00+00:00,14782.69,14891.69,14774.69,14857.710000000001,10946
2026-04-02T15:00:00+00:00,14857.710000000001,14858.710000000001,14787.69,14796.7,6509.8448
2026-04-02T16:00:00+00:00,14796.7,14817.710000000001,14785.69,14807.710000000001,3545
2026-04-02T17:00:00+00:00,14807.710000000001,14840.710000000001,14803.69,14825.710000000001,1858
2026-04-02T18:00:00+00:00,14825.710000000001,14848.710000000001,14825.710000000001,14843.2,1642
2026-04-02T19:00:00+00:00,14843.2,14851.7,14838.69,14848.2,1299
2026-04-02T20:00:00+00:00,14848.2,14848.210000000001,14844.69,14846.7,192.34855483139583
2026-04-03T01:00:00+00:00,14846.7,14847.2,14705.02,14719,7418.749391188842
2026-04-03T02:00:00+00:00,14719,14739.02,14689.02,14693.02,6635
2026-04-03T03:00:00+00:00,14693.02,14694.01,14641.5,14655.52,3410
2026-04-03T04:00:00+00:00,14655.52,14657.5,14639.52,14646.5,815
2026-04-03T05:00:00+00:00,14646.5,14666.01,14613.51,14646,5987
2026-04-03T06:00:00+00:00,14646,14654.02,14580.51,14615.02,6033
2026-04-03T07:00:00+00:00,14615.02,14616.02,14577.52,14581.02,769
2026-04-03T08:00:00+00:00,14581.02,14588.52,14573,14579.51,288
2026-04-03T09:00:00+00:00,14579.51,14592.02,14573.5,14581.52,421.0591213737617
2026-04-03T10:00:00+00:00,14581.52,14584.02,14578.01,14584,222.96560602924086
2026-04-03T11:00:00+00:00,14584,14606.52,14578.52,14603.51,312.53524373752333
2026-04-03T12:00:00+00:00,14603.51,14610.99,14596.01,14601.49,1121.420534458509
2026-04-03T13:00:00+00:00,14601.49,14604.49,14482.1,14488.58,263
2026-04-03T14:00:00+00:00,14488.58,14488.6,14484.6,14486.59,65
2026-04-03T15:00:00+00:00,14486.59,14489.6,14483.59,14489.08,50
2026-04-03T16:00:00+00:00,14489.08,14492.58,14486.6,14492.58,81
2026-04-03T17:00:00+00:00,14492.58,14518.439999999999,14489.58,14492.08,27.02275600505689
2026-04-03T18:00:00+00:00,14492.08,14518.949999999999,14490.08,14491.1,64.99999834469288
2026-04-03T19:00:00+00:00,14491.1,14511.58,14491.08,14500.1,140
2026-04-03T20:00:00+00:00,14500.1,14501.1,14495.59,14496.09,61
2026-04-06T01:00:00+00:00,14496.09,14534.78,14481.76,14503.27,2029.650390625
2026-04-06T02:00:00+00:00,14503.27,14528.26,14492.77,14506.26,2170
2026-04-06T03:00:00+00:00,14506.26,14508.77,14487.77,14502.77,1298.2989851678376
2026-04-06T04:00:00+00:00,14502.77,14511.77,14494.76,14510.76,562.9552025676246
2026-04-06T05:00:00+00:00,14510.76,14517.28,14494.76,14497.77,532.3058201058201
2026-04-06T06:00:00+00:00,14497.77,14507.78,14490.78,14500.77,710
2026-04-06T07:00:00+00:00,14500.77,14523.78,14490.76,14515.76,672.0049407114625
2026-04-06T08:00:00+00:00,14515.76,14526.78,14514.77,14524.76,460
2026-04-06T09:00:00+00:00,14524.76,14553.28,14514.28,14535.28,989
2026-04-06T10:00:00+00:00,14535.28,14538.78,14521.76,14533.27,1090
2026-04-06T11:00:00+00:00,14533.27,14536.78,14526.76,14530.76,614.8523840627041
2026-04-06T12:00:00+00:00,14530.76,14538.26,14527.76,14529.77,514
2026-04-06T13:00:00+00:00,14529.77,14573.78,14520.77,14572.27,2927
2026-04-06T14:00:00+00:00,14572.27,14597.28,14564.77,14571.28,3467
2026-04-06T15:00:00+00:00,14571.28,14576.78,14556.76,14566.76,1282
2026-04-06T16:00:00+00:00,14566.76,14575.77,14558.76,14561.27,763
2026-04-06T17:00:00+00:00,14561.27,14575.27,14545.76,14564.76,1602
2026-04-06T18:00:00+00:00,14564.76,14589.78,14560.76,14581.28,1108
2026-04-06T19:00:00+00:00,14581.28,14585.78,14571.76,14576.27,670.1568409343715
2026-04-06T20:00:00+00:00,14576.27,14578.28,14574.76,14576.78,123.95754216252939
2026-04-07T01:00:00+00:00,14576.78,14595.96,14511.94,14531.96,11563.533397251518
2026-04-07T02:00:00+00:00,14531.96,14537.45,14482.94,14514.44,7693
2026-04-07T03:00:00+00:00,14514.44,14519.46,14459.95,14474.96,3101
2026-04-07T04:00:00+00:00,14474.96,14475.45,14455.94,14469.45,819
2026-04-07T05:00:00+00:00,14469.45,14496.46,14417.94,14478.94,6962
2026-04-07T06:00:00+00:00,14478.94,14484.94,14431.94,14448.95,4952
2026-04-07T07:00:00+00:00,14448.95,14455.95,14434.94,14442.46,1214
2026-04-07T08:00:00+00:00,14442.46,14462.96,14439.94,14459.46,1791
2026-04-07T09:00:00+00:00,14459.46,14476.94,14459.44,14466.96,891
2026-04-07T10:00:00+00:00,14466.96,14468.95,14419.96,14427.94,3828
2026-04-07T11:00:00+00:00,14427.94,14436.95,14422.95,14433.94,1556
2026-04-07T12:00:00+00:00,14433.94,14454.96,14414.95,14442.94,2647
2026-04-07T13:00:00+00:00,14442.94,14457.95,14426.94,14427.96,2793
2026-04-07T14:00:00+00:00,14427.96,14448.45,14409.95,14413.95,3073
2026-04-07T15:00:00+00:00,14413.95,14431.96,14402.95,14417.96,3099
2026-04-07T16:00:00+00:00,14417.96,14439.96,14417.95,14426.95,2528
2026-04-07T17:00:00+00:00,14426.95,14451.96,14425.46,14432.95,1756
2026-04-07T18:00:00+00:00,14432.95,14445.45,14426.44,14427.94,934
2026-04-07T19:00:00+00:00,14427.94,14476.96,14423.94,14472.96,5086
2026-04-07T20:00:00+00:00,14472.96,14474.96,14457.94,14460.94,500
2026-04-08T01:00:00+00:00,14460.94,14781.14,14458.94,14751.64,28256.9533437014
2026-04-08T02:00:00+00:00,14751.64,14841.14,14746.63,14807.14,15914
2026-04-08T03:00:00+00:00,14807.14,14844.63,14796.62,14819.64,6761
2026-04-08T04:00:00+00:00,14819.64,14825.64,14816.64,14822.62,989
2026-04-08T05:00:00+00:00,14822.62,14925.64,14813.62,14897.64,12552
2026-04-08T06:00:00+00:00,14897.64,14929.63,14880.12,14884.13,8748
2026-04-08T07:00:00+00:00,14884.13,14912.64,14865.64,14882.62,3823
2026-04-08T08:00:00+00:00,14882.62,14898.13,14879.62,14898.12,1269
2026-04-08T09:00:00+00:00,14898.12,14912.14,14876.62,14899.64,1332
2026-04-08T10:00:00+00:00,14899.64,14905.64,14889.62,14903.64,1454
2026-04-08T11:00:00+00:00,14903.64,14921.64,14890.62,14918.62,2222
2026-04-08T12:00:00+00:00,14918.62,14937.62,14910.63,14919.62,3594
2026-04-08T13:00:00+00:00,14919.62,14932.64,14906.62,14925.64,5986
2026-04-08T14:00:00+00:00,14925.64,14931.62,14882.62,14900.62,7472
2026-04-08T15:00:00+00:00,14900.62,14916.63,14895.62,14913.63,3620
2026-04-08T16:00:00+00:00,14913.63,14929.14,14910.63,14928.14,1923
2026-04-08T17:00:00+00:00,14928.14,14931.64,14904.62,14916.64,2222
2026-04-08T18:00:00+00:00,14916.64,14928.64,14884.13,14887.14,3554.523905564124
2026-04-08T19:00:00+00:00,14887.14,14916.64,14883.62,14915.63,1779
2026-04-08T20:00:00+00:00,14915.63,14915.64,14898.12,14900.64,211.5574045015096
2026-04-09T01:00:00+00:00,14900.64,14904.14,14787.88,14834.4,16813.15306122449
2026-04-09T02:00:00+00:00,14834.4,14854.9,14804.88,14846.39,11875
2026-04-09T03:00:00+00:00,14846.39,14856.89,14831.88,14833.89,4329
2026-04-09T04:00:00+00:00,14833.89,14834.89,14824.88,14827.9,665.982753926125
2026-04-09T05:00:00+00:00,14827.9,14848.89,14790.4,14815.88,7083
2026-04-09T06:00:00+00:00,14815.88,14827.4,14800.88,14811.38,5297
2026-04-09T07:00:00+00:00,14811.38,14823.88,14780.9,14789.89,2053
2026-04-09T08:00:00+00:00,14789.89,14792.9,14782.88,14786.9,763
2026-04-09T09:00:00+00:00,14786.9,14790.4,14773.4,14782.89,975
2026-04-09T10:00:00+00:00,14782.89,14788.9,14767.88,14768.89,959
2026-04-09T11:00:00+00:00,14768.89,14806.9,14763.88,14798.89,1275
2026-04-09T12:00:00+00:00,14798.89,14807.39,14791.88,14797.9,1473
2026-04-09T13:00:00+00:00,14797.9,14810.9,14786.88,14801.89,2726
2026-04-09T14:00:00+00:00,14801.89,14805.9,14777.88,14793.89,2498
2026-04-09T15:00:00+00:00,14793.89,14838.9,14784.88,14836.89,3939
2026-04-09T16:00:00+00:00,14836.89,14845.89,14825.9,14833.9,2023
2026-04-09T17:00:00+00:00,14833.9,14854.39,14832.88,14849.9,1526
2026-04-09T18:00:00+00:00,14849.9,14849.9,14831.88,14845.9,2060
2026-04-09T19:00:00+00:00,14845.9,14863.9,14844.88,14856.39,660.4351315202853
2026-04-09T20:00:00+00:00,14856.39,14856.39,14848.89,14851.39,141.6613087483443
2026-04-10T01:00:00+00:00,14851.39,14996.68,14813.16,14995.18,16724.959899749374
2026-04-10T02:00:00+00:00,14995.18,15038.66,14977.16,14990.66,14571
2026-04-10T03:00:00+00:00,14990.66,15001.68,14963.66,14996.17,5322
2026-04-10T04:00:00+00:00,14996.17,15006.67,14994.16,14995.18,587.9895212459143
2026-04-10T05:00:00+00:00,14995.18,15125.17,14987.66,15117.67,13461
2026-04-10T06:00:00+00:00,15117.67,15136.68,15046.16,15051.67,10286
2026-04-10T07:00:00+00:00,15051.67,15058.16,15032.66,15034.66,2026
2026-04-10T08:00:00+00:00,15034.66,15051.67,15030.66,15050.17,941
2026-04-10T09:00:00+00:00,15050.17,15059.68,15037.17,15048.68,1038
2026-04-10T10:00:00+00:00,15048.68,15053.68,15041.66,15046.67,645
2026-04-10T11:00:00+00:00,15046.67,15055.67,15045.67,15049.68,640.2833898305084
2026-04-10T12:00:00+00:00,15049.68,15088.66,15047.66,15060.66,1931.1264456437934
2026-04-10T13:00:00+00:00,15060.66,15079.68,15055.66,15067.17,2234
2026-04-10T14:00:00+00:00,15067.17,15083.17,15045.67,15051.67,2809
2026-04-10T15:00:00+00:00,15051.67,15063.66,15032.68,15036.67,2189.050489438434
2026-04-10T16:00:00+00:00,15036.67,15041.67,15022.66,15039.16,1827
2026-04-10T17:00:00+00:00,15039.16,15045.68,15035.66,15040.17,1339
2026-04-10T18:00:00+00:00,15040.17,15043.68,15032.66,15040.68,1036
2026-04-10T19:00:00+00:00,15040.68,15042.68,15029.67,15032.17,812
2026-04-10T20:00:00+00:00,15032.17,15034.67,15026.67,15033.17,176.44000027003847
2026-04-13T01:00:00+00:00,15033.17,15099.53,14975.01,15098.51,18435.458796473744
2026-04-13T02:00:00+00:00,15098.51,15128.03,15054.01,15074.01,12830
2026-04-13T03:00:00+00:00,15074.01,15082.52,15045.51,15081.53,4001
2026-04-13T04:00:00+00:00,15081.53,15097.51,15079.03,15089.02,849
2026-04-13T05:00:00+00:00,15089.02,15145.53,15078.53,15121.53,8333
2026-04-13T06:00:00+00:00,15121.53,15146.52,15093.51,15124.02,4113
2026-04-13T07:00:00+00:00,15124.02,15138.53,15124.02,15132.52,1225
2026-04-13T08:00:00+00:00,15132.52,15144.53,15132.52,15142.53,782
2026-04-13T09:00:00+00:00,15142.53,15142.53,15119.02,15121.52,834
2026-04-13T10:00:00+00:00,15121.52,15122.53,15108.01,15116.51,635
2026-04-13T11:00:00+00:00,15116.51,15124.53,15100.01,15106.02,867
2026-04-13T12:00:00+00:00,15106.02,15112.53,15094.51,15103.51,765.8491065519523
2026-04-13T13:00:00+00:00,15103.51,15150.53,15103.51,15146.51,2524
2026-04-13T14:00:00+00:00,15146.51,15160.52,15136.01,15157.51,2478
2026-04-13T15:00:00+00:00,15157.51,15171.53,15149.51,15168.53,1632
2026-04-13T16:00:00+00:00,15168.53,15184.53,15163.51,15180.53,2628
2026-04-13T17:00:00+00:00,15180.53,15188.01,15175.51,15178.53,1054
2026-04-13T18:00:00+00:00,15178.53,15198.03,15178.52,15195.03,666
2026-04-13T19:00:00+00:00,15195.03,15204.53,15192.51,15203.51,619.6886486486487
2026-04-13T20:00:00+00:00,15203.51,15206.52,15201.01,15206.02,137.4830539137322
2026-04-14T01:00:00+00:00,15206.02,15228.19,15138.67,15201.67,14546.700644183402
2026-04-14T02:00:00+00:00,15201.67,15261.19,15187.67,15226.68,11529
2026-04-14T03:00:00+00:00,15226.68,15239.69,15210.67,15228.18,4087
2026-04-14T04:00:00+00:00,15228.18,15234.68,15225.17,15225.18,381.491058308274
2026-04-14T05:00:00+00:00,15225.18,15242.18,15151.67,15199.68,8373
2026-04-14T06:00:00+00:00,15199.68,15312.69,15199.68,15306.69,5629
2026-04-14T07:00:00+00:00,15306.69,15338.18,15306.69,15321.19,2278
2026-04-14T08:00:00+00:00,15321.19,15332.69,15316.68,15332.69,760
2026-04-14T09:00:00+00:00,15332.69,15341.69,15324.67,15335.67,922
2026-04-14T10:00:00+00:00,15335.67,15339.69,15332.69,15335.67,591
2026-04-14T11:00:00+00:00,15335.67,15363.69,15334.67,15354.17,984
2026-04-14T12:00:00+00:00,15354.17,15360.18,15336.67,15353.69,1358
2026-04-14T13:00:00+00:00,15353.69,15376.69,15341.68,15373.69,2780
2026-04-14T14:00:00+00:00,15373.69,15393.19,15368.67,15386.68,2408
2026-04-14T15:00:00+00:00,15386.68,15387.68,15370.68,15379.69,1449
2026-04-14T16:00:00+00:00,15379.69,15386.67,15372.67,15375.69,875
2026-04-14T17:00:00+00:00,15375.69,15387.69,15374.67,15386.67,726
2026-04-14T18:00:00+00:00,15386.67,15393.69,15384.67,15391.69,652.1607717041801
2026-04-14T19:00:00+00:00,15391.69,15401.69,15391.67,15398.19,605.1168384879725
2026-04-14T20:00:00+00:00,15398.19,15398.69,15394.67,15395.69,157.5814164412816
2026-04-15T01:00:00+00:00,15395.69,15439.05,15379.54,15418.54,14661.59420289855
2026-04-15T02:00:00+00:00,15418.54,15432.05,15362.56,15364.54,10264
2026-04-15T03:00:00+00:00,15364.54,15402.04,15353.56,15396.55,3876
2026-04-15T04:00:00+00:00,15396.55,15407.06,15396.54,15401.04,735
2026-04-15T05:00:00+00:00,15401.04,15406.56,15350.04,15383.55,8616
2026-04-15T06:00:00+00:00,15383.55,15391.06,15308.04,15357.55,6676
2026-04-15T07:00:00+00:00,15357.55,15362.56,15346.54,15348.06,1160
2026-04-15T08:00:00+00:00,15348.06,15350.05,15340.04,15349.54,575
2026-04-15T09:00:00+00:00,15349.54,15359.06,15326.05,15331.54,1371
2026-04-15T10:00:00+00:00,15331.54,15346.06,15326.04,15336.06,1782
2026-04-15T11:00:00+00:00,15336.06,15355.56,15333.54,15349.06,1380.1319381255687
2026-04-15T12:00:00+00:00,15349.06,15365.06,15344.05,15360.54,1482
2026-04-15T13:00:00+00:00,15360.54,15392.06,15360.04,15391.55,2320
2026-04-15T14:00:00+00:00,15391.55,15407.06,15387.04,15403.06,1821
2026-04-15T15:00:00+00:00,15403.06,15423.550000000001,15397.05,15417.550000000001,1370.4384707287932
2026-04-15T16:00:00+00:00,15417.550000000001,15423.54,15405.530000000002,15411.54,1346
2026-04-15T17:00:00+00:00,15411.54,15415.54,15405.54,15408.550000000001,789
2026-04-15T18:00:00+00:00,15408.550000000001,15420.550000000001,15404.050000000001,15418.54,1130.216275259421
2026-04-15T19:00:00+00:00,15418.54,15420.550000000001,15407.530000000002,15408.050000000001,708
2026-04-15T20:00:00+00:00,15408.050000000001,15411.54,15403.530000000002,15411.030000000002,167.25738530900588
2026-04-16T01:00:00+00:00,15411.030000000002,15493.420000000002,15367.920000000002,15487.920000000002,14522.873075478783
2026-04-16T02:00:00+00:00,15487.920000000002,15521.430000000002,15472.420000000002,15503.420000000002,13741
2026-04-16T03:00:00+00:00,15503.420000000002,15529.940000000002,15487.420000000002,15500.440000000002,5042
2026-04-16T04:00:00+00:00,15500.440000000002,15505.440000000002,15493.440000000002,15499.920000000002,821.9465642112701
2026-04-16T05:00:00+00:00,15499.920000000002,15512.920000000002,15451.420000000002,15492.430000000002,8272
2026-04-16T06:00:00+00:00,15492.430000000002,15526.440000000002,15473.440000000002,15516.940000000002,6013
2026-04-16T07:00:00+00:00,15516.940000000002,15533.430000000002,15515.430000000002,15519.930000000002,2115
2026-04-16T08:00:00+00:00,15519.930000000002,15522.440000000002,15512.430000000002,15519.440000000002,832
2026-04-16T09:00:00+00:00,15519.440000000002,15519.440000000002,15490.420000000002,15507.420000000002,921
2026-04-16T10:00:00+00:00,15507.420000000002,15515.440000000002,15505.430000000002,15511.430000000002,842
2026-04-16T11:00:00+00:00,15511.430000000002,15522.430000000002,15510.420000000002,15515.920000000002,701
2026-04-16T12:00:00+00:00,15515.920000000002,15520.440000000002,15509.930000000002,15510.420000000002,1093
2026-04-16T13:00:00+00:00,15510.420000000002,15514.440000000002,15485.440000000002,15497.920000000002,2849.923076923077
2026-04-16T14:00:00+00:00,15497.920000000002,15508.440000000002,15465.420000000002,15467.430000000002,3332
2026-04-16T15:00:00+00:00,15467.430000000002,15503.440000000002,15466.420000000002,15496.430000000002,3634
2026-04-16T16:00:00+00:00,15496.430000000002,15503.940000000002,15467.420000000002,15468.440000000002,2073
2026-04-16T17:00:00+00:00,15468.440000000002,15468.440000000002,15444.420000000002,15449.440000000002,1767
2026-04-16T18:00:00+00:00,15449.440000000002,15455.440000000002,15445.420000000002,15451.430000000002,1458
2026-04-16T19:00:00+00:00,15451.430000000002,15460.440000000002,15443.420000000002,15448.920000000002,660.2063559322035
2026-04-16T20:00:00+00:00,15448.920000000002,15449.440000000002,15442.930000000002,15449.440000000002,110.93458139116117
2026-04-17T01:00:00+00:00,15449.440000000002,15488.130000000001,15425.630000000001,15460.12,13889.814863102998
2026-04-17T02:00:00+00:00,15460.12,15481.130000000001,15415.630000000001,15434.62,10039
2026-04-17T03:00:00+00:00,15434.62,15448.130000000001,15412.12,15416.630000000001,3494
2026-04-17T04:00:00+00:00,15416.630000000001,15424.130000000001,15412.110000000002,15412.610000000002,445.6659214308528
2026-04-17T05:00:00+00:00,15412.610000000002,15462.130000000001,15390.630000000001,15447.130000000001,5579
2026-04-17T06:00:00+00:00,15447.130000000001,15454.130000000001,15410.630000000001,15417.12,3722
2026-04-17T07:00:00+00:00,15417.12,15440.130000000001,15415.110000000002,15436.630000000001,1183
2026-04-17T08:00:00+00:00,15436.630000000001,15445.610000000002,15431.110000000002,15443.610000000002,598
2026-04-17T09:00:00+00:00,15443.610000000002,15443.610000000002,15431.130000000001,15436.110000000002,762
2026-04-17T10:00:00+00:00,15436.110000000002,15436.110000000002,15423.130000000001,15430.110000000002,443
2026-04-17T11:00:00+00:00,15430.110000000002,15441.130000000001,15429.110000000002,15438.62,475
2026-04-17T12:00:00+00:00,15438.62,15491.130000000001,15435.130000000001,15488.130000000001,3382
2026-04-17T13:00:00+00:00,15488.130000000001,15520.130000000001,15477.130000000001,15508.130000000001,5518
2026-04-17T14:00:00+00:00,15508.130000000001,15531.130000000001,15504.110000000002,15525.110000000002,3213
2026-04-17T15:00:00+00:00,15525.110000000002,15549.630000000001,15517.110000000002,15544.610000000002,3334.7623354708066
2026-04-17T16:00:00+00:00,15544.610000000002,15559.630000000001,15539.610000000002,15549.610000000002,1072
2026-04-17T17:00:00+00:00,15549.610000000002,15550.630000000001,15516.62,15528.610000000002,3213
2026-04-17T18:00:00+00:00,15528.610000000002,15529.630000000001,15516.610000000002,15521.610000000002,1740
2026-04-17T19:00:00+00:00,15521.610000000002,15529.630000000001,15517.610000000002,15528.130000000001,1092
2026-04-17T20:00:00+00:00,15528.130000000001,15529.62,15522.630000000001,15523.630000000001,147.75590408328145
2026-04-20T01:00:00+00:00,15523.630000000001,15524.130000000001,15362.690000000002,15492.190000000002,17629.507936507936
2026-04-20T02:00:00+00:00,15492.190000000002,15513.710000000001,15445.7,15511.7,13464
2026-04-20T03:00:00+00:00,15511.7,15526.690000000002,15451.710000000001,15479.7,4968
2026-04-20T04:00:00+00:00,15479.7,15480.210000000001,15461.190000000002,15472.190000000002,518
2026-04-20T05:00:00+00:00,15472.190000000002,15522.710000000001,15454.690000000002,15464.2,8774
2026-04-20T06:00:00+00:00,15464.2,15513.710000000001,15462.710000000001,15506.690000000002,5481
2026-04-20T07:00:00+00:00,15506.690000000002,15518.710000000001,15488.690000000002,15495.7,1828
2026-04-20T08:00:00+00:00,15495.7,15506.710000000001,15488.690000000002,15505.690000000002,939
2026-04-20T09:00:00+00:00,15505.690000000002,15505.690000000002,15493.710000000001,15493.710000000001,767
2026-04-20T10:00:00+00:00,15493.710000000001,15513.210000000001,15493.710000000001,15512.7,554.9813765182187
2026-04-20T11:00:00+00:00,15512.7,15526.710000000001,15508.710000000001,15523.7,945
2026-04-20T12:00:00+00:00,15523.7,15531.690000000002,15516.690000000002,15524.710000000001,935
2026-04-20T13:00:00+00:00,15524.710000000001,15554.7,15521.7,15546.690000000002,2525
2026-04-20T14:00:00+00:00,15546.690000000002,15555.7,15509.690000000002,15524.190000000002,3234
2026-04-20T15:00:00+00:00,15524.190000000002,15540.710000000001,15520.690000000002,15534.190000000002,2646
2026-04-20T16:00:00+00:00,15534.190000000002,15544.7,15531.2,15537.7,902
2026-04-20T17:00:00+00:00,15537.7,15547.710000000001,15537.690000000002,15545.7,795.687395519893
2026-04-20T18:00:00+00:00,15545.7,15552.710000000001,15542.710000000001,15550.2,746
2026-04-20T19:00:00+00:00,15550.2,15552.710000000001,15538.690000000002,15545.210000000001,412.05588262363574
2026-04-20T20:00:00+00:00,15545.210000000001,15545.210000000001,15540.690000000002,15544.2,135.19843147055394
2026-04-21T01:00:00+00:00,15544.2,15544.2,15400.7,15469.220000000001,14878.852206273259
2026-04-21T02:00:00+00:00,15469.220000000001,15485.720000000001,15430.7,15483.710000000001,11522
2026-04-21T03:00:00+00:00,15483.710000000001,15490.220000000001,15450.7,15465.7,3947
2026-04-21T04:00:00+00:00,15465.7,15469.220000000001,15464.7,15467.710000000001,260.6022833728315
2026-04-21T05:00:00+00:00,15467.710000000001,15572.710000000001,15465.710000000001,15538.7,8135
2026-04-21T06:00:00+00:00,15538.7,15571.220000000001,15525.7,15566.7,4947
2026-04-21T07:00:00+00:00,15566.7,15567.720000000001,15553.7,15561.210000000001,1088
2026-04-21T08:00:00+00:00,15561.210000000001,15572.220000000001,15558.7,15572.220000000001,701
2026-04-21T09:00:00+00:00,15572.220000000001,15572.710000000001,15551.2,15557.7,591.425629748057
2026-04-21T10:00:00+00:00,15557.7,15559.720000000001,15546.7,15553.720000000001,439.3410404624277
2026-04-21T11:00:00+00:00,15553.720000000001,15567.720000000001,15545.7,15559.720000000001,898.088524590164
2026-04-21T12:00:00+00:00,15559.720000000001,15561.720000000001,15531.7,15538.720000000001,1315
2026-04-21T13:00:00+00:00,15538.720000000001,15543.720000000001,15531.7,15540.220000000001,1933
2026-04-21T14:00:00+00:00,15540.220000000001,15541.7,15495.7,15497.220000000001,2327
2026-04-21T15:00:00+00:00,15497.220000000001,15505.720000000001,15473.210000000001,15493.710000000001,3648
2026-04-21T16:00:00+00:00,15493.710000000001,15503.7,15474.7,15475.7,1744
2026-04-21T17:00:00+00:00,15475.7,15481.720000000001,15448.210000000001,15467.710000000001,3363
2026-04-21T18:00:00+00:00,15467.710000000001,15481.2,15452.710000000001,15472.710000000001,2511
2026-04-21T19:00:00+00:00,15472.710000000001,15484.720000000001,15438.2,15447.220000000001,3409
2026-04-21T20:00:00+00:00,15447.220000000001,15476.2,15439.720000000001,15471.220000000001,767.886875343218
2026-04-22T01:00:00+00:00,15471.220000000001,15582.580000000002,15464.570000000002,15515.570000000002,14052.881044708029
2026-04-22T02:00:00+00:00,15515.570000000002,15573.590000000002,15508.570000000002,15539.590000000002,9598
2026-04-22T03:00:00+00:00,15539.590000000002,15570.590000000002,15521.570000000002,15561.590000000002,4640
2026-04-22T04:00:00+00:00,15561.590000000002,15572.580000000002,15561.570000000002,15567.580000000002,465.84897119341565
2026-04-22T05:00:00+00:00,15567.580000000002,15598.580000000002,15532.570000000002,15582.580000000002,9576
2026-04-22T06:00:00+00:00,15582.580000000002,15633.590000000002,15570.070000000002,15630.070000000002,6912
2026-04-22T07:00:00+00:00,15630.070000000002,15636.590000000002,15619.570000000002,15626.090000000002,1474
2026-04-22T08:00:00+00:00,15626.090000000002,15627.590000000002,15617.090000000002,15626.570000000002,623
2026-04-22T09:00:00+00:00,15626.570000000002,15626.570000000002,15598.070000000002,15600.590000000002,899
2026-04-22T10:00:00+00:00,15600.590000000002,15603.590000000002,15587.570000000002,15596.570000000002,878
2026-04-22T11:00:00+00:00,15596.570000000002,15605.590000000002,15591.570000000002,15602.570000000002,989
2026-04-22T12:00:00+00:00,15602.570000000002,15609.580000000002,15589.590000000002,15589.590000000002,1248
2026-04-22T13:00:00+00:00,15589.590000000002,15606.070000000002,15586.070000000002,15602.590000000002,3035
2026-04-22T14:00:00+00:00,15602.590000000002,15616.590000000002,15595.570000000002,15604.580000000002,2136
2026-04-22T15:00:00+00:00,15604.580000000002,15618.590000000002,15600.070000000002,15605.570000000002,1687
2026-04-22T16:00:00+00:00,15605.570000000002,15614.570000000002,15601.580000000002,15605.580000000002,1157
2026-04-22T17:00:00+00:00,15605.580000000002,15620.590000000002,15604.570000000002,15608.570000000002,1274
2026-04-22T18:00:00+00:00,15608.570000000002,15609.090000000002,15595.580000000002,15601.080000000002,646.1501198464923
2026-04-22T19:00:00+00:00,15601.080000000002,15616.070000000002,15593.570000000002,15615.070000000002,882
2026-04-22T20:00:00+00:00,15615.070000000002,15618.590000000002,15611.570000000002,15614.090000000002,191.79984090843823
2026-04-23T01:00:00+00:00,15614.090000000002,15644.530000000002,15577.530000000002,15593.030000000002,18496.55985489722
2026-04-23T02:00:00+00:00,15593.030000000002,15681.520000000002,15537.520000000002,15560.520000000002,19547
2026-04-23T03:00:00+00:00,15560.520000000002,15571.520000000002,15491.520000000002,15509.520000000002,8304
2026-04-23T04:00:00+00:00,15509.520000000002,15534.54,15509.520000000002,15531.04,629
2026-04-23T05:00:00+00:00,15531.04,15657.54,15521.520000000002,15657.530000000002,10189
2026-04-23T06:00:00+00:00,15657.530000000002,15663.54,15580.54,15630.04,6090
2026-04-23T07:00:00+00:00,15630.04,15634.04,15620.520000000002,15633.54,1338
2026-04-23T08:00:00+00:00,15633.54,15639.04,15625.530000000002,15639.04,981
2026-04-23T09:00:00+00:00,15639.04,15639.04,15619.530000000002,15629.530000000002,892
2026-04-23T10:00:00+00:00,15629.530000000002,15635.54,15616.520000000002,15633.54,1157
2026-04-23T11:00:00+00:00,15633.54,15658.54,15627.530000000002,15652.530000000002,1653
2026-04-23T12:00:00+00:00,15652.530000000002,15669.54,15650.020000000002,15661.04,2483
2026-04-23T13:00:00+00:00,15661.04,15676.54,15651.530000000002,15659.54,2557
2026-04-23T14:00:00+00:00,15659.54,15681.54,15649.520000000002,15677.520000000002,3060
2026-04-23T15:00:00+00:00,15677.520000000002,15694.54,15663.520000000002,15671.54,1960
2026-04-23T16:00:00+00:00,15671.54,15675.54,15665.520000000002,15668.54,1189
2026-04-23T17:00:00+00:00,15668.54,15669.54,15587.520000000002,15631.04,5674
2026-04-23T18:00:00+00:00,15631.04,15656.530000000002,15625.520000000002,15635.04,3357
2026-04-23T19:00:00+00:00,15635.04,15644.04,15628.54,15642.04,2880
2026-04-23T20:00:00+00:00,15642.04,15642.04,15631.520000000002,15636.030000000002,156.57437218287185
2026-04-24T01:00:00+00:00,15636.030000000002,15648.080000000002,15489.080000000002,15521.600000000002,18382.681568919044
2026-04-24T02:00:00+00:00,15521.600000000002,15563.090000000002,15494.080000000002,15541.600000000002,17340
2026-04-24T03:00:00+00:00,15541.600000000002,15546.100000000002,15469.580000000002,15535.590000000002,10155
2026-04-24T04:00:00+00:00,15535.590000000002,15549.090000000002,15534.080000000002,15544.100000000002,867
2026-04-24T05:00:00+00:00,15544.100000000002,15578.600000000002,15505.580000000002,15567.080000000002,12285
2026-04-24T06:00:00+00:00,15567.080000000002,15631.600000000002,15563.600000000002,15603.600000000002,9515
2026-04-24T07:00:00+00:00,15603.600000000002,15605.100000000002,15594.590000000002,15602.580000000002,999
2026-04-24T08:00:00+00:00,15602.580000000002,15611.100000000002,15596.100000000002,15603.600000000002,783
2026-04-24T09:00:00+00:00,15603.600000000002,15603.600000000002,15555.100000000002,15577.580000000002,1814
2026-04-24T10:00:00+00:00,15577.580000000002,15590.100000000002,15577.080000000002,15589.090000000002,881
2026-04-24T11:00:00+00:00,15589.090000000002,15632.100000000002,15588.080000000002,15610.090000000002,4345
2026-04-24T12:00:00+00:00,15610.090000000002,15612.600000000002,15584.100000000002,15595.090000000002,2164
2026-04-24T13:00:00+00:00,15595.090000000002,15602.100000000002,15582.080000000002,15597.580000000002,3725
2026-04-24T14:00:00+00:00,15597.580000000002,15610.600000000002,15589.080000000002,15605.090000000002,4660
2026-04-24T15:00:00+00:00,15605.090000000002,15631.620000000003,15598.080000000002,15623.600000000002,4301.668724279835
2026-04-24T16:00:00+00:00,15623.600000000002,15625.620000000003,15609.600000000002,15619.110000000002,1748
2026-04-24T17:00:00+00:00,15619.110000000002,15632.120000000003,15615.600000000002,15623.620000000003,1416
2026-04-24T18:00:00+00:00,15623.620000000003,15627.620000000003,15618.100000000002,15623.620000000003,826
2026-04-24T19:00:00+00:00,15623.620000000003,15630.620000000003,15620.600000000002,15628.100000000002,672
2026-04-24T20:00:00+00:00,15628.100000000002,15629.620000000003,15624.600000000002,15629.600000000002,143.67020632081096
2026-04-27T01:00:00+00:00,15629.600000000002,15666.940000000002,15585.920000000002,15620.420000000002,21724.043132803632
2026-04-27T02:00:00+00:00,15620.420000000002,15648.440000000002,15541.920000000002,15545.430000000002,18749
2026-04-27T03:00:00+00:00,15545.430000000002,15581.940000000002,15526.420000000002,15577.440000000002,6979
2026-04-27T04:00:00+00:00,15577.440000000002,15586.440000000002,15574.430000000002,15577.420000000002,857.7854882932295
2026-04-27T05:00:00+00:00,15577.420000000002,15586.940000000002,15493.420000000002,15511.430000000002,10675
2026-04-27T06:00:00+00:00,15511.430000000002,15530.930000000002,15483.420000000002,15528.420000000002,6402
2026-04-27T07:00:00+00:00,15528.420000000002,15541.440000000002,15523.420000000002,15538.430000000002,1546
2026-04-27T08:00:00+00:00,15538.430000000002,15538.940000000002,15528.420000000002,15535.440000000002,525
2026-04-27T09:00:00+00:00,15535.440000000002,15542.430000000002,15518.420000000002,15522.440000000002,1267
2026-04-27T10:00:00+00:00,15522.440000000002,15525.440000000002,15514.430000000002,15521.430000000002,727
2026-04-27T11:00:00+00:00,15521.430000000002,15523.440000000002,15512.420000000002,15515.430000000002,787
2026-04-27T12:00:00+00:00,15515.430000000002,15517.440000000002,15482.440000000002,15485.420000000002,1010.98724887492
2026-04-27T13:00:00+00:00,15485.420000000002,15505.940000000002,15484.420000000002,15499.440000000002,3058
2026-04-27T14:00:00+00:00,15499.440000000002,15504.440000000002,15461.440000000002,15480.940000000002,3549
2026-04-27T15:00:00+00:00,15480.940000000002,15487.440000000002,15473.420000000002,15482.440000000002,1755
2026-04-27T16:00:00+00:00,15482.440000000002,15482.440000000002,15469.420000000002,15478.430000000002,645
2026-04-27T17:00:00+00:00,15478.430000000002,15483.420000000002,15473.430000000002,15477.430000000002,654.7153231663035
2026-04-27T18:00:00+00:00,15477.430000000002,15482.440000000002,15475.420000000002,15475.440000000002,496
2026-04-27T19:00:00+00:00,15475.440000000002,15484.940000000002,15475.440000000002,15482.420000000002,517
2026-04-27T20:00:00+00:00,15482.420000000002,15492.440000000002,15482.420000000002,15492.430000000002,117.19333459028513
2026-04-28T01:00:00+00:00,15492.430000000002,15594.670000000002,15444.650000000001,15570.670000000002,18587.90990990991
2026-04-28T02:00:00+00:00,15570.670000000002,15576.670000000002,15478.660000000002,15493.650000000001,17542
2026-04-28T03:00:00+00:00,15493.650000000001,15579.670000000002,15491.650000000001,15564.660000000002,6154
2026-04-28T04:00:00+00:00,15564.660000000002,15582.170000000002,15552.670000000002,15571.660000000002,545.6886436091837
2026-04-28T05:00:00+00:00,15571.660000000002,15590.170000000002,15501.660000000002,15515.170000000002,10720
2026-04-28T06:00:00+00:00,15515.170000000002,15538.150000000001,15483.650000000001,15535.160000000002,4858
2026-04-28T07:00:00+00:00,15535.160000000002,15543.160000000002,15525.160000000002,15533.170000000002,1492
2026-04-28T08:00:00+00:00,15533.170000000002,15534.170000000002,15521.160000000002,15534.150000000001,832
2026-04-28T09:00:00+00:00,15534.150000000001,15539.170000000002,15505.160000000002,15518.160000000002,1482
2026-04-28T10:00:00+00:00,15518.160000000002,15521.670000000002,15505.150000000001,15513.150000000001,999
2026-04-28T11:00:00+00:00,15513.150000000001,15518.650000000001,15475.150000000001,15481.150000000001,1728
2026-04-28T12:00:00+00:00,15481.150000000001,15517.670000000002,15473.660000000002,15517.150000000001,2609
2026-04-28T13:00:00+00:00,15517.150000000001,15542.170000000002,15508.660000000002,15533.160000000002,2853
2026-04-28T14:00:00+00:00,15533.160000000002,15539.170000000002,15516.660000000002,15530.170000000002,3733
2026-04-28T15:00:00+00:00,15530.170000000002,15535.170000000002,15507.150000000001,15514.160000000002,2440
2026-04-28T16:00:00+00:00,15514.160000000002,15518.160000000002,15507.150000000001,15511.170000000002,1173
2026-04-28T17:00:00+00:00,15511.170000000002,15517.170000000002,15500.150000000001,15515.160000000002,605.0134514435696
2026-04-28T18:00:00+00:00,15515.160000000002,15523.170000000002,15512.170000000002,15515.160000000002,600
2026-04-28T19:00:00+00:00,15515.160000000002,15524.660000000002,15508.660000000002,15524.660000000002,657
2026-04-28T20:00:00+00:00,15524.660000000002,15524.670000000002,15513.650000000001,15513.650000000001,120.21252525352133
2026-04-29T01:00:00+00:00,15513.650000000001,15555.020000000002,15470.500000000002,15470.500000000002,13584.630672926447
2026-04-29T02:00:00+00:00,15470.500000000002,15537.510000000002,15451.510000000002,15530.510000000002,14338
2026-04-29T03:00:00+00:00,15530.510000000002,15572.020000000002,15524.500000000002,15537.510000000002,6133
2026-04-29T04:00:00+00:00,15537.510000000002,15544.520000000002,15535.500000000002,15541.010000000002,486.550543462824
2026-04-29T05:00:00+00:00,15541.010000000002,15584.520000000002,15538.020000000002,15565.520000000002,9751
2026-04-29T06:00:00+00:00,15565.520000000002,15618.520000000002,15564.020000000002,15611.520000000002,5832
2026-04-29T07:00:00+00:00,15611.520000000002,15627.520000000002,15605.500000000002,15618.510000000002,1763
2026-04-29T08:00:00+00:00,15618.510000000002,15624.520000000002,15614.510000000002,15622.010000000002,745
2026-04-29T09:00:00+00:00,15622.010000000002,15622.010000000002,15587.500000000002,15589.500000000002,1070
2026-04-29T10:00:00+00:00,15589.500000000002,15605.010000000002,15587.520000000002,15594.520000000002,712
2026-04-29T11:00:00+00:00,15594.520000000002,15601.520000000002,15588.510000000002,15596.010000000002,670.5290763968073
2026-04-29T12:00:00+00:00,15596.010000000002,15598.520000000002,15573.510000000002,15576.500000000002,926
2026-04-29T13:00:00+00:00,15576.500000000002,15580.020000000002,15533.510000000002,15537.500000000002,2312
2026-04-29T14:00:00+00:00,15537.500000000002,15564.510000000002,15524.510000000002,15560.510000000002,2180
2026-04-29T15:00:00+00:00,15560.510000000002,15562.520000000002,15531.500000000002,15543.500000000002,2539
2026-04-29T16:00:00+00:00,15543.500000000002,15553.010000000002,15535.500000000002,15539.510000000002,1385
2026-04-29T17:00:00+00:00,15539.510000000002,15549.500000000002,15535.510000000002,15548.510000000002,1242
2026-04-29T18:00:00+00:00,15548.510000000002,15549.000000000002,15526.500000000002,15545.000000000002,3592.5570820167604
2026-04-29T19:00:00+00:00,15545.000000000002,15550.520000000002,15538.010000000002,15546.020000000002,1808
2026-04-29T20:00:00+00:00,15546.020000000002,15549.020000000002,15530.000000000002,15543.000000000002,624
2026-04-30T01:00:00+00:00,15543.000000000002,15652.680000000002,15532.690000000002,15641.690000000002,17251.83655977538
2026-04-30T02:00:00+00:00,15641.690000000002,15644.690000000002,15515.680000000002,15559.170000000002,15296
2026-04-30T03:00:00+00:00,15559.170000000002,15589.190000000002,15550.690000000002,15577.670000000002,6660
2026-04-30T04:00:00+00:00,15577.670000000002,15580.670000000002,15551.670000000002,15552.690000000002,643
2026-04-30T05:00:00+00:00,15552.690000000002,15607.670000000002,15540.170000000002,15596.690000000002,7304
2026-04-30T06:00:00+00:00,15596.690000000002,15632.670000000002,15579.670000000002,15590.170000000002,4034
2026-04-30T07:00:00+00:00,15590.170000000002,15604.670000000002,15588.670000000002,15594.190000000002,1453
2026-04-30T08:00:00+00:00,15594.190000000002,15604.680000000002,15588.670000000002,15596.180000000002,760
2026-04-30T09:00:00+00:00,15596.180000000002,15625.190000000002,15583.670000000002,15598.690000000002,1854
2026-04-30T10:00:00+00:00,15598.690000000002,15634.690000000002,15598.690000000002,15632.690000000002,2052
2026-04-30T11:00:00+00:00,15632.690000000002,15642.690000000002,15625.190000000002,15625.690000000002,1276
2026-04-30T12:00:00+00:00,15625.690000000002,15648.690000000002,15624.670000000002,15636.680000000002,1343
2026-04-30T13:00:00+00:00,15636.680000000002,15641.170000000002,15616.670000000002,15618.670000000002,2902
2026-04-30T14:00:00+00:00,15618.670000000002,15656.180000000002,15618.670000000002,15654.190000000002,3576
2026-04-30T15:00:00+00:00,15654.190000000002,15681.690000000002,15651.180000000002,15677.680000000002,2661
2026-04-30T16:00:00+00:00,15677.680000000002,15678.680000000002,15655.690000000002,15659.670000000002,1253
2026-04-30T17:00:00+00:00,15659.670000000002,15675.680000000002,15658.690000000002,15668.680000000002,1341
2026-04-30T18:00:00+00:00,15668.680000000002,15678.170000000002,15668.680000000002,15671.190000000002,968
2026-04-30T19:00:00+00:00,15671.190000000002,15699.690000000002,15671.190000000002,15682.190000000002,1168.2183908045977
2026-04-30T20:00:00+00:00,15682.190000000002,15696.170000000002,15674.180000000002,15676.680000000002,485
2026-05-01T01:00:00+00:00,15676.680000000002,15795.690000000002,15676.680000000002,15791.690000000002,2449.9565337763015
2026-05-01T02:00:00+00:00,15791.690000000002,15812.690000000002,15787.670000000002,15801.170000000002,1222
2026-05-01T03:00:00+00:00,15801.170000000002,15808.690000000002,15773.670000000002,15778.190000000002,726
2026-05-01T04:00:00+00:00,15778.190000000002,15778.670000000002,15764.170000000002,15766.190000000002,426
2026-05-01T05:00:00+00:00,15766.190000000002,15774.690000000002,15761.190000000002,15763.180000000002,456
2026-05-01T06:00:00+00:00,15763.180000000002,15764.670000000002,15744.670000000002,15745.190000000002,567
2026-05-01T07:00:00+00:00,15745.190000000002,15753.190000000002,15699.670000000002,15703.670000000002,538.4322033898305
2026-05-01T08:00:00+00:00,15703.670000000002,15709.190000000002,15698.670000000002,15709.170000000002,235
2026-05-01T09:00:00+00:00,15709.170000000002,15709.170000000002,15693.690000000002,15697.180000000002,497.75692963752664
2026-05-01T10:00:00+00:00,15697.180000000002,15697.180000000002,15688.680000000002,15693.670000000002,269.21742494035385
2026-05-01T11:00:00+00:00,15693.670000000002,15695.680000000002,15687.670000000002,15690.690000000002,295.96292669639433
2026-05-01T12:00:00+00:00,15690.690000000002,15713.690000000002,15688.180000000002,15694.690000000002,989.8010752688172
2026-05-01T13:00:00+00:00,15694.690000000002,15769.670000000002,15693.680000000002,15765.170000000002,1725
2026-05-01T14:00:00+00:00,15765.170000000002,15779.180000000002,15723.670000000002,15731.680000000002,1752
2026-05-01T15:00:00+00:00,15731.680000000002,15738.200000000003,15717.180000000002,15728.190000000002,1383.4784498370154
2026-05-01T16:00:00+00:00,15728.190000000002,15728.700000000003,15703.190000000002,15710.700000000003,1185
2026-05-01T17:00:00+00:00,15710.700000000003,15722.190000000002,15709.690000000002,15717.700000000003,559
2026-05-01T18:00:00+00:00,15717.700000000003,15719.190000000002,15702.180000000002,15704.680000000002,581
2026-05-01T19:00:00+00:00,15704.680000000002,15717.180000000002,15702.190000000002,15710.200000000003,551.867924528302
2026-05-01T20:00:00+00:00,15710.200000000003,15711.200000000003,15707.190000000002,15708.690000000002,188.48966730504577
2026-05-04T01:00:00+00:00,15708.690000000002,15740.690000000002,15682.680000000002,15721.180000000002,6832.16806722689
2026-05-04T02:00:00+00:00,15721.180000000002,15748.700000000003,15701.180000000002,15733.690000000002,3657
2026-05-04T03:00:00+00:00,15733.690000000002,15751.700000000003,15714.680000000002,15719.190000000002,1913
2026-05-04T04:00:00+00:00,15719.190000000002,15722.700000000003,15708.680000000002,15708.700000000003,414.26095347234747
2026-05-04T05:00:00+00:00,15708.700000000003,15718.700000000003,15697.690000000002,15716.680000000002,1678
2026-05-04T06:00:00+00:00,15716.680000000002,15724.680000000002,15701.680000000002,15704.700000000003,1161
2026-05-04T07:00:00+00:00,15704.700000000003,15709.200000000003,15697.680000000002,15700.680000000002,992.2029950083195
2026-05-04T08:00:00+00:00,15700.680000000002,15707.680000000002,15696.680000000002,15706.680000000002,566
2026-05-04T09:00:00+00:00,15706.680000000002,15710.680000000002,15695.170000000002,15696.670000000002,712
2026-05-04T10:00:00+00:00,15696.670000000002,15697.680000000002,15616.680000000002,15675.680000000002,6078
2026-05-04T11:00:00+00:00,15675.680000000002,15684.670000000002,15662.670000000002,15677.660000000002,1767
2026-05-04T12:00:00+00:00,15677.660000000002,15695.680000000002,15677.660000000002,15682.160000000002,1464
2026-05-04T13:00:00+00:00,15682.160000000002,15695.670000000002,15664.670000000002,15689.660000000002,3093
2026-05-04T14:00:00+00:00,15689.660000000002,15700.680000000002,15673.660000000002,15685.170000000002,2096
2026-05-04T15:00:00+00:00,15685.170000000002,15695.680000000002,15642.660000000002,15658.180000000002,4665
2026-05-04T16:00:00+00:00,15658.180000000002,15660.680000000002,15625.670000000002,15638.680000000002,3866
2026-05-04T17:00:00+00:00,15638.680000000002,15666.180000000002,15637.660000000002,15652.170000000002,1688
2026-05-04T18:00:00+00:00,15652.170000000002,15658.680000000002,15642.680000000002,15649.170000000002,891
2026-05-04T19:00:00+00:00,15649.170000000002,15650.680000000002,15640.670000000002,15645.180000000002,973
2026-05-04T20:00:00+00:00,15645.180000000002,15647.680000000002,15641.670000000002,15644.180000000002,127.46188437988359
2026-05-05T01:00:00+00:00,15644.180000000002,15670.180000000002,15620.180000000002,15653.680000000002,4794.207746478873
2026-05-05T02:00:00+00:00,15653.680000000002,15688.170000000002,15646.170000000002,15647.180000000002,2266
2026-05-05T03:00:00+00:00,15647.180000000002,15651.160000000002,15638.670000000002,15641.170000000002,1032
2026-05-05T04:00:00+00:00,15641.170000000002,15646.680000000002,15633.160000000002,15634.680000000002,331.8601198014708
2026-05-05T05:00:00+00:00,15634.680000000002,15650.180000000002,15628.160000000002,15646.180000000002,1154.290410958904
2026-05-05T06:00:00+00:00,15646.180000000002,15666.660000000002,15640.160000000002,15665.170000000002,1295
2026-05-05T07:00:00+00:00,15665.170000000002,15684.170000000002,15659.160000000002,15663.680000000002,961.1326658322904
2026-05-05T08:00:00+00:00,15663.680000000002,15677.160000000002,15663.170000000002,15673.670000000002,523
2026-05-05T09:00:00+00:00,15673.670000000002,15679.680000000002,15661.160000000002,15672.160000000002,893
2026-05-05T10:00:00+00:00,15672.160000000002,15688.180000000002,15671.160000000002,15679.180000000002,743.9156994502139
2026-05-05T11:00:00+00:00,15679.180000000002,15684.180000000002,15670.160000000002,15681.680000000002,747
2026-05-05T12:00:00+00:00,15681.680000000002,15697.180000000002,15677.660000000002,15685.160000000002,1029
2026-05-05T13:00:00+00:00,15685.160000000002,15700.180000000002,15683.660000000002,15683.680000000002,1639
2026-05-05T14:00:00+00:00,15683.680000000002,15699.670000000002,15671.160000000002,15682.680000000002,2716
2026-05-05T15:00:00+00:00,15682.680000000002,15698.170000000002,15677.160000000002,15694.670000000002,916
2026-05-05T16:00:00+00:00,15694.670000000002,15696.170000000002,15684.160000000002,15692.670000000002,633
2026-05-05T17:00:00+00:00,15692.670000000002,15708.180000000002,15690.160000000002,15707.180000000002,671
2026-05-05T18:00:00+00:00,15707.180000000002,15717.180000000002,15706.160000000002,15716.660000000002,399.1292492895154
2026-05-05T19:00:00+00:00,15716.660000000002,15717.180000000002,15702.660000000002,15702.660000000002,510.02569243795193
2026-05-05T20:00:00+00:00,15702.660000000002,15710.680000000002,15702.660000000002,15708.660000000002,144.9968805671911
2026-05-06T01:00:00+00:00,15708.660000000002,15860.670000000002,15649.660000000002,15847.170000000002,21926.0716747071
2026-05-06T02:00:00+00:00,15847.170000000002,15901.660000000002,15789.160000000002,15801.170000000002,20771
2026-05-06T03:00:00+00:00,15801.170000000002,15887.180000000002,15799.180000000002,15815.180000000002,7991
2026-05-06T04:00:00+00:00,15815.180000000002,15838.180000000002,15809.660000000002,15828.680000000002,885
2026-05-06T05:00:00+00:00,15828.680000000002,15877.180000000002,15814.160000000002,15829.170000000002,11982
2026-05-06T06:00:00+00:00,15829.170000000002,15832.180000000002,15741.180000000002,15806.660000000002,10874
2026-05-06T07:00:00+00:00,15806.660000000002,15829.680000000002,15802.170000000002,15827.180000000002,1232
2026-05-06T08:00:00+00:00,15827.180000000002,15836.180000000002,15819.180000000002,15836.170000000002,532
2026-05-06T09:00:00+00:00,15836.170000000002,15866.180000000002,15822.170000000002,15864.180000000002,2292
2026-05-06T10:00:00+00:00,15864.180000000002,15891.170000000002,15859.160000000002,15882.170000000002,1786
2026-05-06T11:00:00+00:00,15882.170000000002,15893.180000000002,15874.170000000002,15884.180000000002,1846
2026-05-06T12:00:00+00:00,15884.180000000002,15884.670000000002,15856.660000000002,15864.160000000002,2008
2026-05-06T13:00:00+00:00,15864.160000000002,15868.180000000002,15834.170000000002,15841.680000000002,3461
2026-05-06T14:00:00+00:00,15841.680000000002,15918.660000000002,15836.160000000002,15903.170000000002,4108
2026-05-06T15:00:00+00:00,15903.170000000002,15922.170000000002,15901.160000000002,15919.670000000002,2939.1077485243136
2026-05-06T16:00:00+00:00,15919.670000000002,15924.180000000002,15889.160000000002,15896.160000000002,1408
2026-05-06T17:00:00+00:00,15896.160000000002,15900.680000000002,15892.160000000002,15896.170000000002,857
2026-05-06T18:00:00+00:00,15896.170000000002,15901.180000000002,15892.670000000002,15899.660000000002,762
2026-05-06T19:00:00+00:00,15899.660000000002,15934.160000000002,15899.160000000002,15918.660000000002,1357
2026-05-06T20:00:00+00:00,15918.660000000002,15925.180000000002,15916.160000000002,15916.670000000002,182.04457237563997
2026-05-07T01:00:00+00:00,15916.670000000002,15917.170000000002,15756.160000000002,15761.180000000002,16995.688569472964
2026-05-07T02:00:00+00:00,15761.180000000002,15787.180000000002,15720.160000000002,15755.680000000002,14711
2026-05-07T03:00:00+00:00,15755.680000000002,15791.680000000002,15743.160000000002,15777.170000000002,6203
2026-05-07T04:00:00+00:00,15777.170000000002,15779.180000000002,15769.680000000002,15778.670000000002,470.1004492939666
2026-05-07T05:00:00+00:00,15778.670000000002,15814.180000000002,15776.180000000002,15795.180000000002,8932
2026-05-07T06:00:00+00:00,15795.180000000002,15826.180000000002,15779.170000000002,15782.180000000002,6112
2026-05-07T07:00:00+00:00,15782.180000000002,15808.180000000002,15778.680000000002,15794.160000000002,1463
2026-05-07T08:00:00+00:00,15794.160000000002,15796.180000000002,15779.170000000002,15785.170000000002,754
2026-05-07T09:00:00+00:00,15785.170000000002,15785.170000000002,15767.170000000002,15773.170000000002,1004
2026-05-07T10:00:00+00:00,15773.170000000002,15774.180000000002,15759.160000000002,15760.180000000002,887
2026-05-07T11:00:00+00:00,15760.180000000002,15763.180000000002,15754.160000000002,15757.170000000002,688
2026-05-07T12:00:00+00:00,15757.170000000002,15758.180000000002,15750.160000000002,15757.180000000002,713
2026-05-07T13:00:00+00:00,15757.180000000002,15776.660000000002,15728.670000000002,15729.180000000002,2088
2026-05-07T14:00:00+00:00,15729.180000000002,15732.180000000002,15718.160000000002,15719.660000000002,3067
2026-05-07T15:00:00+00:00,15719.660000000002,15740.180000000002,15716.670000000002,15719.180000000002,2738
2026-05-07T16:00:00+00:00,15719.180000000002,15719.660000000002,15686.680000000002,15703.660000000002,3003
2026-05-07T17:00:00+00:00,15703.660000000002,15709.180000000002,15674.160000000002,15700.170000000002,4244
2026-05-07T18:00:00+00:00,15700.170000000002,15702.180000000002,15683.170000000002,15698.680000000002,2835
2026-05-07T19:00:00+00:00,15698.680000000002,15703.180000000002,15681.160000000002,15684.680000000002,1897
2026-05-07T20:00:00+00:00,15684.680000000002,15701.170000000002,15684.680000000002,15697.660000000002,355.4418045331455
2026-05-08T01:00:00+00:00,15697.660000000002,15733.750000000002,15639.730000000001,15681.750000000002,12512.881369895258
2026-05-08T02:00:00+00:00,15681.750000000002,15696.750000000002,15597.240000000002,15604.250000000002,13570
2026-05-08T03:00:00+00:00,15604.250000000002,15626.250000000002,15573.730000000001,15623.230000000001,5804
2026-05-08T04:00:00+00:00,15623.230000000001,15638.250000000002,15614.230000000001,15638.250000000002,729.80759989321
2026-05-08T05:00:00+00:00,15638.250000000002,15679.730000000001,15625.250000000002,15646.240000000002,8579
2026-05-08T06:00:00+00:00,15646.240000000002,15659.250000000002,15623.240000000002,15654.240000000002,4967
2026-05-08T07:00:00+00:00,15654.240000000002,15656.250000000002,15637.230000000001,15648.240000000002,1134
2026-05-08T08:00:00+00:00,15648.240000000002,15648.750000000002,15639.230000000001,15646.230000000001,1302
2026-05-08T09:00:00+00:00,15646.230000000001,15646.230000000001,15627.730000000001,15628.750000000002,858
2026-05-08T10:00:00+00:00,15628.750000000002,15640.250000000002,15626.230000000001,15633.230000000001,567.3335729199252
2026-05-08T11:00:00+00:00,15633.230000000001,15641.250000000002,15631.240000000002,15636.230000000001,600
2026-05-08T12:00:00+00:00,15636.230000000001,15676.730000000001,15635.230000000001,15659.240000000002,1635
2026-05-08T13:00:00+00:00,15659.240000000002,15693.250000000002,15648.750000000002,15686.740000000002,1792
2026-05-08T14:00:00+00:00,15686.740000000002,15687.230000000001,15665.230000000001,15674.240000000002,2466
2026-05-08T15:00:00+00:00,15674.240000000002,15681.750000000002,15663.230000000001,15671.240000000002,1271.023024268824
2026-05-08T16:00:00+00:00,15671.240000000002,15673.750000000002,15665.730000000001,15669.730000000001,782.2567865003668
2026-05-08T17:00:00+00:00,15669.730000000001,15680.750000000002,15668.230000000001,15674.740000000002,560
2026-05-08T18:00:00+00:00,15674.740000000002,15688.240000000002,15673.230000000001,15680.250000000002,1071.0856560163154
2026-05-08T19:00:00+00:00,15680.250000000002,15683.740000000002,15673.230000000001,15677.240000000002,717.0314285714286
2026-05-08T20:00:00+00:00,15677.240000000002,15679.750000000002,15673.240000000002,15677.750000000002,151.0302870421885
2026-05-11T01:00:00+00:00,15677.750000000002,15726.540000000003,15616.560000000001,15715.560000000001,19900.956718878813
2026-05-11T02:00:00+00:00,15715.560000000001,15783.060000000001,15699.060000000001,15779.060000000001,20999
2026-05-11T03:00:00+00:00,15779.060000000001,15833.040000000003,15768.040000000003,15791.540000000003,7140
2026-05-11T04:00:00+00:00,15791.540000000003,15792.060000000001,15783.050000000001,15791.540000000003,732
2026-05-11T05:00:00+00:00,15791.540000000003,15879.550000000001,15763.040000000003,15850.040000000003,13278
2026-05-11T06:00:00+00:00,15850.040000000003,15936.050000000001,15849.540000000003,15880.060000000001,9493
2026-05-11T07:00:00+00:00,15880.060000000001,15898.060000000001,15879.050000000001,15886.040000000003,1378
2026-05-11T08:00:00+00:00,15886.040000000003,15898.060000000001,15886.040000000003,15896.560000000001,949
2026-05-11T09:00:00+00:00,15896.560000000001,15907.060000000001,15876.050000000001,15899.550000000001,792.6194815195072
2026-05-11T10:00:00+00:00,15899.550000000001,15903.060000000001,15886.050000000001,15887.060000000001,654
2026-05-11T11:00:00+00:00,15887.060000000001,15906.050000000001,15887.060000000001,15901.550000000001,586
2026-05-11T12:00:00+00:00,15901.550000000001,15905.060000000001,15893.040000000003,15902.560000000001,980
2026-05-11T13:00:00+00:00,15902.560000000001,15943.060000000001,15902.040000000003,15931.050000000001,1763
2026-05-11T14:00:00+00:00,15931.050000000001,15940.060000000001,15920.040000000003,15936.060000000001,2021
2026-05-11T15:00:00+00:00,15936.060000000001,15973.060000000001,15935.050000000001,15970.060000000001,1599
2026-05-11T16:00:00+00:00,15970.060000000001,15973.060000000001,15945.060000000001,15955.550000000001,1276
2026-05-11T17:00:00+00:00,15955.550000000001,15963.060000000001,15953.040000000003,15954.540000000003,702
2026-05-11T18:00:00+00:00,15954.540000000003,15965.060000000001,15954.540000000003,15959.040000000003,653
2026-05-11T19:00:00+00:00,15959.040000000003,15964.060000000001,15957.040000000003,15959.040000000003,519
2026-05-11T20:00:00+00:00,15959.040000000003,15960.550000000001,15955.040000000003,15956.540000000003,163.41287396781854
2026-05-12T01:00:00+00:00,15956.540000000003,15987.310000000001,15898.810000000001,15946.300000000001,17047.82608695652
2026-05-12T02:00:00+00:00,15946.300000000001,16020.820000000002,15931.310000000001,15986.310000000001,16660
2026-05-12T03:00:00+00:00,15986.310000000001,15992.320000000002,15910.300000000001,15920.800000000001,7163
2026-05-12T04:00:00+00:00,15920.800000000001,15938.820000000002,15916.310000000001,15918.820000000002,525.1662931759167
2026-05-12T05:00:00+00:00,15918.820000000002,15990.310000000001,15902.310000000001,15945.310000000001,13617
2026-05-12T06:00:00+00:00,15945.310000000001,15962.320000000002,15926.300000000001,15954.800000000001,7131
2026-05-12T07:00:00+00:00,15954.800000000001,15979.320000000002,15946.800000000001,15978.300000000001,1494
2026-05-12T08:00:00+00:00,15978.300000000001,15982.310000000001,15966.300000000001,15982.310000000001,1151
2026-05-12T09:00:00+00:00,15982.310000000001,15988.300000000001,15964.800000000001,15966.310000000001,1706
2026-05-12T10:00:00+00:00,15966.310000000001,15981.320000000002,15964.310000000001,15979.310000000001,636.4723076923077
2026-05-12T11:00:00+00:00,15979.310000000001,15987.320000000002,15972.300000000001,15982.310000000001,978
2026-05-12T12:00:00+00:00,15982.310000000001,16008.810000000001,15977.310000000001,16007.810000000001,1886
2026-05-12T13:00:00+00:00,16007.810000000001,16014.820000000002,15953.300000000001,15959.300000000001,3137
2026-05-12T14:00:00+00:00,15959.300000000001,15981.320000000002,15955.800000000001,15958.320000000002,2951
2026-05-12T15:00:00+00:00,15958.320000000002,15965.310000000001,15930.810000000001,15933.310000000001,2138
2026-05-12T16:00:00+00:00,15933.310000000001,15944.320000000002,15917.300000000001,15925.800000000001,1614
2026-05-12T17:00:00+00:00,15925.800000000001,15949.310000000001,15925.800000000001,15943.800000000001,1079
2026-05-12T18:00:00+00:00,15943.800000000001,15965.320000000002,15940.300000000001,15962.810000000001,934
2026-05-12T19:00:00+00:00,15962.810000000001,15975.320000000002,15962.810000000001,15969.300000000001,591
2026-05-12T20:00:00+00:00,15969.300000000001,15969.810000000001,15959.800000000001,15963.320000000002,152.37508078585265
2026-05-13T01:00:00+00:00,15963.320000000002,15984.070000000002,15867.560000000001,15882.560000000001,18665.653235653237
2026-05-13T02:00:00+00:00,15882.560000000001,15940.560000000001,15851.050000000001,15882.050000000001,15037
2026-05-13T03:00:00+00:00,15882.050000000001,15930.570000000002,15864.050000000001,15929.060000000001,6315
2026-05-13T04:00:00+00:00,15929.060000000001,15938.060000000001,15922.050000000001,15927.060000000001,876
2026-05-13T05:00:00+00:00,15927.060000000001,16011.570000000002,15922.050000000001,16011.570000000002,12380
2026-05-13T06:00:00+00:00,16011.570000000002,16072.570000000002,16002.060000000001,16055.070000000002,9226
2026-05-13T07:00:00+00:00,16055.070000000002,16071.050000000001,16041.060000000001,16051.050000000001,1458.806436061227
2026-05-13T08:00:00+00:00,16051.050000000001,16062.070000000002,16049.050000000001,16059.570000000002,560
2026-05-13T09:00:00+00:00,16059.570000000002,16059.570000000002,16005.070000000002,16013.560000000001,1637
2026-05-13T10:00:00+00:00,16013.560000000001,16022.060000000001,16005.050000000001,16007.070000000002,1069
2026-05-13T11:00:00+00:00,16007.070000000002,16019.070000000002,16000.050000000001,16014.050000000001,808
2026-05-13T12:00:00+00:00,16014.050000000001,16020.050000000001,15980.060000000001,15993.070000000002,1773
2026-05-13T13:00:00+00:00,15993.070000000002,16084.070000000002,15993.070000000002,16081.060000000001,4416
2026-05-13T14:00:00+00:00,16081.060000000001,16129.070000000002,16077.050000000001,16112.060000000001,4845
2026-05-13T15:00:00+00:00,16112.060000000001,16136.070000000002,16106.050000000001,16107.060000000001,2196.282190429206
2026-05-13T16:00:00+00:00,16107.060000000001,16123.560000000001,16105.560000000001,16114.060000000001,1644
2026-05-13T17:00:00+00:00,16114.060000000001,16117.580000000002,16098.560000000001,16099.570000000002,1395
2026-05-13T18:00:00+00:00,16099.570000000002,16115.580000000002,16098.560000000001,16106.560000000001,1535
2026-05-13T19:00:00+00:00,16106.560000000001,16117.580000000002,16106.560000000001,16113.580000000002,868
2026-05-13T20:00:00+00:00,16113.580000000002,16118.560000000001,16110.580000000002,16117.070000000002,173.18208260616638
2026-05-14T01:00:00+00:00,16117.070000000002,16159.730000000001,15929.730000000001,15951.230000000001,18150.943941109854
2026-05-14T02:00:00+00:00,15951.230000000001,15963.730000000001,15856.730000000001,15875.240000000002,20024
2026-05-14T03:00:00+00:00,15875.240000000002,15877.740000000002,15782.730000000001,15849.220000000001,8757
2026-05-14T04:00:00+00:00,15849.220000000001,15859.720000000001,15836.730000000001,15852.740000000002,852
2026-05-14T05:00:00+00:00,15852.740000000002,15942.740000000002,15841.730000000001,15907.240000000002,14882
2026-05-14T06:00:00+00:00,15907.240000000002,15957.740000000002,15841.720000000001,15848.720000000001,11603
2026-05-14T07:00:00+00:00,15848.720000000001,15851.740000000002,15819.220000000001,15839.230000000001,2131
2026-05-14T08:00:00+00:00,15839.230000000001,15853.730000000001,15836.720000000001,15848.740000000002,812
2026-05-14T09:00:00+00:00,15848.740000000002,15848.740000000002,15800.730000000001,15802.230000000001,2070
2026-05-14T10:00:00+00:00,15802.230000000001,15845.730000000001,15802.230000000001,15838.720000000001,1352
2026-05-14T11:00:00+00:00,15838.720000000001,15842.220000000001,15808.730000000001,15821.720000000001,1160
2026-05-14T12:00:00+00:00,15821.720000000001,15830.740000000002,15794.720000000001,15796.220000000001,1065.1755691768826
2026-05-14T13:00:00+00:00,15796.220000000001,15799.240000000002,15758.720000000001,15764.730000000001,4449
2026-05-14T14:00:00+00:00,15764.730000000001,15827.740000000002,15760.730000000001,15821.220000000001,2902
2026-05-14T15:00:00+00:00,15821.220000000001,15839.740000000002,15816.720000000001,15839.730000000001,1499
2026-05-14T16:00:00+00:00,15839.730000000001,15842.740000000002,15826.720000000001,15837.720000000001,1559
2026-05-14T17:00:00+00:00,15837.720000000001,15842.730000000001,15824.230000000001,15837.240000000002,1765
2026-05-14T18:00:00+00:00,15837.240000000002,15859.730000000001,15829.720000000001,15858.240000000002,1666
2026-05-14T19:00:00+00:00,15858.240000000002,15862.740000000002,15850.230000000001,15850.720000000001,798.4385801027557
2026-05-14T20:00:00+00:00,15850.720000000001,15855.720000000001,15844.220000000001,15846.220000000001,220.93223085647492
2026-05-15T01:00:00+00:00,15846.220000000001,15849.620000000003,15678.600000000002,15694.110000000002,24032.995691976306
2026-05-15T02:00:00+00:00,15694.110000000002,15799.110000000002,15662.610000000002,15777.100000000002,27097
2026-05-15T03:00:00+00:00,15777.100000000002,15848.110000000002,15770.620000000003,15794.110000000002,12511
2026-05-15T04:00:00+00:00,15794.110000000002,15799.110000000002,15784.600000000002,15791.620000000003,1351
2026-05-15T05:00:00+00:00,15791.620000000003,15793.600000000002,15618.600000000002,15622.610000000002,21331
2026-05-15T06:00:00+00:00,15622.610000000002,15669.620000000003,15594.100000000002,15653.100000000002,15197
2026-05-15T07:00:00+00:00,15653.100000000002,15680.610000000002,15639.610000000002,15662.620000000003,2202
2026-05-15T08:00:00+00:00,15662.620000000003,15663.110000000002,15645.600000000002,15647.120000000003,1269
2026-05-15T09:00:00+00:00,15647.120000000003,15647.120000000003,15613.600000000002,15626.600000000002,2307
2026-05-15T10:00:00+00:00,15626.600000000002,15655.610000000002,15621.600000000002,15648.620000000003,3270
2026-05-15T11:00:00+00:00,15648.620000000003,15654.620000000003,15630.610000000002,15634.620000000003,1141
2026-05-15T12:00:00+00:00,15634.620000000003,15646.620000000003,15625.600000000002,15645.110000000002,1647
2026-05-15T13:00:00+00:00,15645.110000000002,15665.620000000003,15616.110000000002,15633.600000000002,4103
2026-05-15T14:00:00+00:00,15633.600000000002,15670.610000000002,15619.600000000002,15647.620000000003,4371
2026-05-15T15:00:00+00:00,15647.620000000003,15656.620000000003,15635.090000000002,15646.100000000002,3217.469157817946
2026-05-15T16:00:00+00:00,15646.100000000002,15657.610000000002,15640.090000000002,15652.610000000002,1865
2026-05-15T17:00:00+00:00,15652.610000000002,15672.100000000002,15650.090000000002,15671.100000000002,1190
2026-05-15T18:00:00+00:00,15671.100000000002,15672.610000000002,15653.600000000002,15666.600000000002,1315
2026-05-15T19:00:00+00:00,15666.600000000002,15667.600000000002,15644.090000000002,15647.110000000002,1110
2026-05-15T20:00:00+00:00,15647.110000000002,15649.110000000002,15640.590000000002,15641.610000000002,229
2026-05-18T01:00:00+00:00,15641.610000000002,15654.380000000001,15545.880000000001,15634.380000000001,26597.50304259635
2026-05-18T02:00:00+00:00,15634.380000000001,15643.370000000003,15530.390000000001,15535.370000000003,22396
2026-05-18T03:00:00+00:00,15535.370000000003,15551.370000000003,15488.870000000003,15533.390000000001,9125
2026-05-18T04:00:00+00:00,15533.390000000001,15545.890000000001,15532.890000000001,15535.380000000001,822
2026-05-18T05:00:00+00:00,15535.380000000001,15559.390000000001,15468.390000000001,15470.890000000001,12758
2026-05-18T06:00:00+00:00,15470.890000000001,15524.380000000001,15432.380000000001,15518.890000000001,12747
2026-05-18T07:00:00+00:00,15518.890000000001,15537.390000000001,15506.890000000001,15532.890000000001,2216
2026-05-18T08:00:00+00:00,15532.890000000001,15544.390000000001,15526.370000000003,15542.880000000001,761
2026-05-18T09:00:00+00:00,15542.880000000001,15542.880000000001,15527.380000000001,15533.880000000001,1037
2026-05-18T10:00:00+00:00,15533.880000000001,15534.380000000001,15519.370000000003,15528.390000000001,751.4973595775324
2026-05-18T11:00:00+00:00,15528.390000000001,15585.380000000001,15514.380000000001,15558.370000000003,2447
2026-05-18T12:00:00+00:00,15558.370000000003,15579.870000000003,15546.880000000001,15569.870000000003,2211
2026-05-18T13:00:00+00:00,15569.870000000003,15571.890000000001,15532.370000000003,15550.870000000003,4518
2026-05-18T14:00:00+00:00,15550.870000000003,15550.870000000003,15523.370000000003,15530.380000000001,5070
2026-05-18T15:00:00+00:00,15530.380000000001,15533.380000000001,15498.380000000001,15516.380000000001,4376
2026-05-18T16:00:00+00:00,15516.380000000001,15534.390000000001,15496.870000000003,15526.890000000001,2766
2026-05-18T17:00:00+00:00,15526.890000000001,15527.370000000003,15514.370000000003,15517.370000000003,1803
2026-05-18T18:00:00+00:00,15517.370000000003,15517.890000000001,15489.870000000003,15490.380000000001,1946
2026-05-18T19:00:00+00:00,15490.380000000001,15527.390000000001,15490.370000000003,15521.880000000001,2759
2026-05-18T20:00:00+00:00,15521.880000000001,15524.380000000001,15519.390000000001,15523.890000000001,173.98527855452332
2026-05-19T01:00:00+00:00,15523.890000000001,15527.640000000001,15371.630000000001,15387.650000000001,21000.386137047
2026-05-19T02:00:00+00:00,15387.650000000001,15434.640000000001,15333.660000000002,15376.140000000001,27153
2026-05-19T03:00:00+00:00,15376.140000000001,15433.150000000001,15368.640000000001,15424.670000000002,10148
2026-05-19T04:00:00+00:00,15424.670000000002,15424.670000000002,15390.160000000002,15400.160000000002,1236.3196967124993
2026-05-19T05:00:00+00:00,15400.160000000002,15468.170000000002,15370.150000000001,15463.170000000002,19287
2026-05-19T06:00:00+00:00,15463.170000000002,15554.680000000002,15437.150000000001,15536.680000000002,10270
2026-05-19T07:00:00+00:00,15536.680000000002,15540.660000000002,15516.670000000002,15529.180000000002,2522
2026-05-19T08:00:00+00:00,15529.180000000002,15535.670000000002,15518.660000000002,15526.160000000002,1189
2026-05-19T09:00:00+00:00,15526.160000000002,15526.160000000002,15477.180000000002,15490.170000000002,2377
2026-05-19T10:00:00+00:00,15490.170000000002,15493.190000000002,15467.670000000002,15477.190000000002,1879
2026-05-19T11:00:00+00:00,15477.190000000002,15483.690000000002,15457.680000000002,15463.690000000002,1352
2026-05-19T12:00:00+00:00,15463.690000000002,15469.670000000002,15455.190000000002,15460.670000000002,1344
2026-05-19T13:00:00+00:00,15460.670000000002,15461.180000000002,15421.670000000002,15438.180000000002,4577
2026-05-19T14:00:00+00:00,15438.180000000002,15438.670000000002,15389.670000000002,15414.680000000002,4456
2026-05-19T15:00:00+00:00,15414.680000000002,15430.670000000002,15404.680000000002,15425.670000000002,1772
2026-05-19T16:00:00+00:00,15425.670000000002,15454.690000000002,15425.670000000002,15448.670000000002,1619
2026-05-19T17:00:00+00:00,15448.670000000002,15463.690000000002,15446.670000000002,15458.170000000002,1187
2026-05-19T18:00:00+00:00,15458.170000000002,15463.690000000002,15442.670000000002,15446.670000000002,1299
2026-05-19T19:00:00+00:00,15446.670000000002,15456.690000000002,15437.670000000002,15445.680000000002,1181
2026-05-19T20:00:00+00:00,15445.680000000002,15446.170000000002,15438.670000000002,15440.690000000002,174.40869679715973
2026-05-20T01:00:00+00:00,15440.690000000002,15602.130000000003,15436.130000000003,15582.620000000003,20355.044807590933
2026-05-20T02:00:00+00:00,15582.620000000003,15582.620000000003,15443.620000000003,15477.120000000003,23944
2026-05-20T03:00:00+00:00,15477.120000000003,15487.640000000003,15441.120000000003,15483.130000000003,10348
2026-05-20T04:00:00+00:00,15483.130000000003,15494.120000000003,15476.640000000003,15479.640000000003,1153
2026-05-20T05:00:00+00:00,15479.640000000003,15559.130000000003,15447.130000000003,15492.130000000003,14927
2026-05-20T06:00:00+00:00,15492.130000000003,15512.640000000003,15460.120000000003,15508.130000000003,9296
2026-05-20T07:00:00+00:00,15508.130000000003,15515.140000000003,15497.620000000003,15505.140000000003,1792
2026-05-20T08:00:00+00:00,15505.140000000003,15514.140000000003,15503.130000000003,15512.630000000003,974
2026-05-20T09:00:00+00:00,15512.630000000003,15512.630000000003,15473.130000000003,15505.640000000003,1049
2026-05-20T10:00:00+00:00,15505.640000000003,15513.140000000003,15474.140000000003,15483.140000000003,878
2026-05-20T11:00:00+00:00,15483.140000000003,15497.120000000003,15478.140000000003,15484.130000000003,515
2026-05-20T12:00:00+00:00,15484.130000000003,15511.140000000003,15483.630000000003,15509.140000000003,707.7530864197531
2026-05-20T13:00:00+00:00,15509.140000000003,15509.140000000003,15473.620000000003,15473.640000000003,2382.6773187841
2026-05-20T14:00:00+00:00,15473.640000000003,15518.130000000003,15463.120000000003,15510.120000000003,5187
2026-05-20T15:00:00+00:00,15510.120000000003,15547.620000000003,15502.140000000003,15527.120000000003,3630
2026-05-20T16:00:00+00:00,15527.120000000003,15530.130000000003,15509.120000000003,15515.140000000003,2107
2026-05-20T17:00:00+00:00,15515.140000000003,15524.130000000003,15509.130000000003,15519.130000000003,1528
2026-05-20T18:00:00+00:00,15519.130000000003,15533.140000000003,15516.140000000003,15528.630000000003,1011
2026-05-20T19:00:00+00:00,15528.630000000003,15538.120000000003,15528.140000000003,15533.140000000003,688
2026-05-20T20:00:00+00:00,15533.140000000003,15536.120000000003,15526.120000000003,15531.120000000003,331.2657060532733
2026-05-21T01:00:00+00:00,15531.120000000003,15712.600000000002,15531.120000000003,15707.620000000003,19902.81914893617
2026-05-21T02:00:00+00:00,15707.620000000003,15769.120000000003,15582.620000000003,15591.110000000002,22773
2026-05-21T03:00:00+00:00,15591.110000000002,15636.610000000002,15573.100000000002,15581.120000000003,9483
2026-05-21T04:00:00+00:00,15581.120000000003,15595.100000000002,15579.110000000002,15593.600000000002,837
2026-05-21T05:00:00+00:00,15593.600000000002,15626.120000000003,15526.120000000003,15526.120000000003,15545
2026-05-21T06:00:00+00:00,15526.120000000003,15533.120000000003,15275.610000000002,15277.610000000002,22287
2026-05-21T07:00:00+00:00,15277.610000000002,15294.620000000003,15257.100000000002,15287.620000000003,3605
2026-05-21T08:00:00+00:00,15287.620000000003,15313.610000000002,15278.100000000002,15312.610000000002,1523
2026-05-21T09:00:00+00:00,15312.610000000002,15323.120000000003,15270.610000000002,15323.110000000002,1524
2026-05-21T10:00:00+00:00,15323.110000000002,15330.620000000003,15276.100000000002,15298.110000000002,3992
2026-05-21T11:00:00+00:00,15298.110000000002,15318.110000000002,15293.100000000002,15315.100000000002,1617
2026-05-21T12:00:00+00:00,15315.100000000002,15344.120000000003,15311.110000000002,15335.110000000002,1865
2026-05-21T13:00:00+00:00,15335.110000000002,15373.120000000003,15331.120000000003,15365.620000000003,4028
2026-05-21T14:00:00+00:00,15365.620000000003,15370.620000000003,15344.110000000002,15360.100000000002,3970
2026-05-21T15:00:00+00:00,15360.100000000002,15390.120000000003,15352.110000000002,15384.620000000003,2559
2026-05-21T16:00:00+00:00,15384.620000000003,15393.120000000003,15381.100000000002,15385.610000000002,1607
2026-05-21T17:00:00+00:00,15385.610000000002,15440.120000000003,15384.100000000002,15432.120000000003,3910
2026-05-21T18:00:00+00:00,15432.120000000003,15442.120000000003,15412.100000000002,15422.100000000002,2937
2026-05-21T19:00:00+00:00,15422.100000000002,15432.120000000003,15413.100000000002,15420.610000000002,1830
2026-05-21T20:00:00+00:00,15420.610000000002,15427.120000000003,15420.100000000002,15420.620000000003,143.12300010871084
2026-05-22T01:00:00+00:00,15420.620000000003,15439.820000000003,15306.300000000003,15375.800000000003,21788.653241650296
2026-05-22T02:00:00+00:00,15375.800000000003,15422.310000000003,15332.310000000003,15406.820000000003,20181
2026-05-22T03:00:00+00:00,15406.820000000003,15444.310000000003,15366.300000000003,15440.310000000003,8960
2026-05-22T04:00:00+00:00,15440.310000000003,15450.320000000003,15434.800000000003,15447.800000000003,1093
2026-05-22T05:00:00+00:00,15447.800000000003,15468.320000000003,15389.300000000003,15434.310000000003,11400
2026-05-22T06:00:00+00:00,15434.310000000003,15483.320000000003,15401.800000000003,15402.310000000003,10171
2026-05-22T07:00:00+00:00,15402.310000000003,15407.310000000003,15391.310000000003,15402.300000000003,1669
2026-05-22T08:00:00+00:00,15402.300000000003,15411.310000000003,15393.300000000003,15403.810000000003,726
2026-05-22T09:00:00+00:00,15403.810000000003,15403.810000000003,15273.800000000003,15384.310000000003,2471
2026-05-22T10:00:00+00:00,15384.310000000003,15386.320000000003,15334.310000000003,15335.800000000003,1530
2026-05-22T11:00:00+00:00,15335.800000000003,15342.320000000003,15300.300000000003,15321.820000000003,1619
2026-05-22T12:00:00+00:00,15321.820000000003,15338.320000000003,15290.310000000003,15337.310000000003,2676
2026-05-22T13:00:00+00:00,15337.310000000003,15367.320000000003,15331.800000000003,15363.810000000003,3777
2026-05-22T14:00:00+00:00,15363.810000000003,15363.810000000003,15333.300000000003,15347.810000000003,2490
2026-05-22T15:00:00+00:00,15347.810000000003,15380.310000000003,15345.300000000003,15376.320000000003,1300.1101442365002
2026-05-22T16:00:00+00:00,15376.320000000003,15378.310000000003,15368.300000000003,15373.320000000003,978
2026-05-22T17:00:00+00:00,15373.320000000003,15396.310000000003,15369.320000000003,15378.810000000003,1875
2026-05-22T18:00:00+00:00,15378.810000000003,15382.320000000003,15374.310000000003,15376.800000000003,885.4358329139407
2026-05-22T19:00:00+00:00,15376.800000000003,15379.320000000003,15370.300000000003,15377.810000000003,918.2332955832389
2026-05-22T20:00:00+00:00,15377.810000000003,15377.810000000003,15369.300000000003,15370.300000000003,238.8427853206858
2026-05-25T01:00:00+00:00,15370.300000000003,15589.410000000003,15369.300000000003,15534.420000000002,18379.075492341355
2026-05-25T02:00:00+00:00,15534.420000000002,15651.910000000003,15521.400000000003,15650.920000000002,15598
2026-05-25T03:00:00+00:00,15650.920000000002,15658.420000000002,15590.900000000003,15605.400000000003,6488
2026-05-25T04:00:00+00:00,15605.400000000003,15614.920000000002,15600.900000000003,15609.420000000002,873
2026-05-25T05:00:00+00:00,15609.420000000002,15653.910000000003,15541.900000000003,15575.420000000002,10847
2026-05-25T06:00:00+00:00,15575.420000000002,15636.420000000002,15575.400000000003,15586.910000000003,9038
2026-05-25T07:00:00+00:00,15586.910000000003,15609.920000000002,15575.410000000003,15584.910000000003,2364
2026-05-25T08:00:00+00:00,15584.910000000003,15593.920000000002,15575.910000000003,15593.900000000003,692
2026-05-25T09:00:00+00:00,15593.900000000003,15606.920000000002,15588.910000000003,15592.410000000003,592.1576330183989
2026-05-25T10:00:00+00:00,15592.410000000003,15595.920000000002,15569.900000000003,15571.420000000002,585.1234152014422
2026-05-25T11:00:00+00:00,15571.420000000002,15586.900000000003,15570.400000000003,15576.420000000002,368.76100202629675
2026-05-25T12:00:00+00:00,15576.420000000002,15587.900000000003,15574.910000000003,15584.910000000003,454.2731829573935
2026-05-25T13:00:00+00:00,15584.910000000003,15610.400000000003,15582.400000000003,15607.910000000003,426.77682741322553
2026-05-25T14:00:00+00:00,15607.910000000003,15616.920000000002,15605.900000000003,15616.920000000002,362.2113097131226
2026-05-25T15:00:00+00:00,15616.920000000002,15625.910000000003,15609.900000000003,15619.910000000003,752.61886339381
2026-05-25T16:00:00+00:00,15619.910000000003,15625.920000000002,15619.910000000003,15625.400000000003,311.82304666869675
2026-05-25T17:00:00+00:00,15625.400000000003,15626.420000000002,15622.400000000003,15622.420000000002,256.80678676647983
2026-05-25T18:00:00+00:00,15622.420000000002,15622.920000000002,15618.410000000003,15622.420000000002,245.18936730788516
2026-05-25T19:00:00+00:00,15622.420000000002,15625.920000000002,15621.910000000003,15623.920000000002,226.96409083678404
2026-05-25T20:00:00+00:00,15623.920000000002,15626.920000000002,15619.900000000003,15619.920000000002,128.14129810735403
2026-05-26T01:00:00+00:00,15619.920000000002,15723.680000000002,15549.670000000002,15720.180000000002,27808.45514950166
2026-05-26T02:00:00+00:00,15720.180000000002,15776.180000000002,15685.170000000002,15732.170000000002,28661
2026-05-26T03:00:00+00:00,15732.170000000002,15749.180000000002,15672.660000000003,15691.180000000002,11809
2026-05-26T04:00:00+00:00,15691.180000000002,15691.180000000002,15672.160000000003,15680.160000000003,1474
2026-05-26T05:00:00+00:00,15680.160000000003,15732.180000000002,15657.660000000003,15674.160000000003,18393
2026-05-26T06:00:00+00:00,15674.160000000003,15814.170000000002,15657.680000000002,15783.660000000003,16573
2026-05-26T07:00:00+00:00,15783.660000000003,15792.160000000003,15753.170000000002,15758.170000000002,3262
2026-05-26T08:00:00+00:00,15758.170000000002,15779.180000000002,15753.160000000003,15768.680000000002,1333
2026-05-26T09:00:00+00:00,15768.680000000002,15768.680000000002,15687.660000000003,15711.660000000003,1615
2026-05-26T10:00:00+00:00,15711.660000000003,15758.170000000002,15711.160000000003,15756.670000000002,795
2026-05-26T11:00:00+00:00,15756.670000000002,15764.160000000003,15744.160000000003,15749.680000000002,897.0022229279136
2026-05-26T12:00:00+00:00,15749.680000000002,15750.680000000002,15735.670000000002,15738.170000000002,572.5194154488518
2026-05-26T13:00:00+00:00,15738.170000000002,15749.180000000002,15729.160000000003,15735.160000000003,2095
2026-05-26T14:00:00+00:00,15735.160000000003,15746.180000000002,15730.170000000002,15731.160000000003,1506
2026-05-26T15:00:00+00:00,15731.160000000003,15731.670000000002,15713.160000000003,15718.180000000002,1317
2026-05-26T16:00:00+00:00,15718.180000000002,15728.670000000002,15716.170000000002,15716.180000000002,593
2026-05-26T17:00:00+00:00,15716.180000000002,15720.180000000002,15710.160000000003,15711.660000000003,403.0130678282514
2026-05-26T18:00:00+00:00,15711.660000000003,15718.180000000002,15709.170000000002,15711.660000000003,332.1864273654518
2026-05-26T19:00:00+00:00,15711.660000000003,15728.660000000003,15711.660000000003,15728.660000000003,398.39854294630965
2026-05-26T20:00:00+00:00,15728.660000000003,15733.660000000003,15726.170000000002,15732.660000000003,88.6104169578798
2026-05-27T01:00:00+00:00,15732.660000000003,15887.510000000002,15732.660000000003,15794.500000000002,25224.873920552676
2026-05-27T02:00:00+00:00,15794.500000000002,15867.000000000002,15767.990000000003,15781.000000000002,29163
2026-05-27T03:00:00+00:00,15781.000000000002,15813.490000000003,15685.490000000003,15697.500000000002,11505
2026-05-27T04:00:00+00:00,15697.500000000002,15704.000000000002,15687.990000000003,15701.510000000002,896
2026-05-27T05:00:00+00:00,15701.510000000002,15778.000000000002,15670.500000000002,15677.500000000002,25256
2026-05-27T06:00:00+00:00,15677.500000000002,15749.010000000002,15660.990000000003,15706.990000000003,21628
2026-05-27T07:00:00+00:00,15706.990000000003,15735.510000000002,15695.010000000002,15728.490000000003,2001
2026-05-27T08:00:00+00:00,15728.490000000003,15749.510000000002,15722.990000000003,15739.490000000003,786
2026-05-27T09:00:00+00:00,15739.490000000003,15739.490000000003,15696.510000000002,15722.010000000002,1058
2026-05-27T10:00:00+00:00,15722.010000000002,15731.010000000002,15706.990000000003,15707.000000000002,546
2026-05-27T11:00:00+00:00,15707.000000000002,15716.010000000002,15700.000000000002,15710.490000000003,610
2026-05-27T12:00:00+00:00,15710.490000000003,15748.010000000002,15705.000000000002,15713.000000000002,2177
2026-05-27T13:00:00+00:00,15713.000000000002,15744.510000000002,15707.990000000003,15731.510000000002,2245
2026-05-27T14:00:00+00:00,15731.510000000002,15737.490000000003,15714.490000000003,15728.510000000002,2372
2026-05-27T15:00:00+00:00,15728.510000000002,15740.000000000002,15714.510000000002,15720.990000000003,1419.7307971892415
2026-05-27T16:00:00+00:00,15720.990000000003,15735.010000000002,15718.010000000002,15719.010000000002,667
2026-05-27T17:00:00+00:00,15719.010000000002,15719.500000000002,15703.990000000003,15713.500000000002,541
2026-05-27T18:00:00+00:00,15713.500000000002,15733.010000000002,15710.990000000003,15732.000000000002,344
2026-05-27T19:00:00+00:00,15732.000000000002,15734.510000000002,15720.990000000003,15725.010000000002,337.4327749116318
2026-05-27T20:00:00+00:00,15725.010000000002,15742.490000000003,15724.990000000003,15742.490000000003,91.90202781086046
2026-05-28T01:00:00+00:00,15742.490000000003,15745.820000000003,15592.810000000003,15609.820000000003,22496.309107635694
2026-05-28T02:00:00+00:00,15609.820000000003,15674.810000000003,15599.800000000003,15599.820000000003,21027
2026-05-28T03:00:00+00:00,15599.820000000003,15702.320000000003,15596.300000000003,15669.310000000003,10536
2026-05-28T04:00:00+00:00,15669.310000000003,15674.300000000003,15662.800000000003,15667.300000000003,884
2026-05-28T05:00:00+00:00,15667.300000000003,15806.820000000003,15592.810000000003,15771.800000000003,24852
2026-05-28T06:00:00+00:00,15771.800000000003,15841.820000000003,15758.320000000003,15822.320000000003,16150
2026-05-28T07:00:00+00:00,15822.320000000003,15832.310000000003,15795.820000000003,15802.800000000003,1910
2026-05-28T08:00:00+00:00,15802.800000000003,15813.820000000003,15802.800000000003,15809.310000000003,988
2026-05-28T09:00:00+00:00,15809.310000000003,15816.820000000003,15792.810000000003,15806.320000000003,758
2026-05-28T10:00:00+00:00,15806.320000000003,15812.810000000003,15761.810000000003,15764.820000000003,1142.4894502228826
2026-05-28T11:00:00+00:00,15764.820000000003,15778.820000000003,15752.800000000003,15760.300000000003,1065
2026-05-28T12:00:00+00:00,15760.300000000003,15788.820000000003,15757.810000000003,15782.310000000003,934.3430034129692
2026-05-28T13:00:00+00:00,15782.310000000003,15790.320000000003,15764.810000000003,15786.320000000003,1688
2026-05-28T14:00:00+00:00,15786.320000000003,15824.320000000003,15780.800000000003,15814.800000000003,5155
2026-05-28T15:00:00+00:00,15814.800000000003,15834.800000000003,15811.800000000003,15823.800000000003,1073
2026-05-28T16:00:00+00:00,15823.800000000003,15833.800000000003,15819.800000000003,15831.820000000003,603
2026-05-28T17:00:00+00:00,15831.820000000003,15832.800000000003,15822.810000000003,15824.810000000003,417.46426068675544
2026-05-28T18:00:00+00:00,15824.810000000003,15827.820000000003,15814.810000000003,15818.310000000003,587
2026-05-28T19:00:00+00:00,15818.310000000003,15819.820000000003,15798.310000000003,15808.810000000003,1013.3853754940711
2026-05-28T20:00:00+00:00,15808.810000000003,15820.820000000003,15808.320000000003,15818.820000000003,171.5272477959696
2026-05-29T01:00:00+00:00,15818.820000000003,15932.300000000003,15779.320000000003,15904.320000000003,29536.106393861894
2026-05-29T02:00:00+00:00,15904.320000000003,15986.320000000003,15815.320000000003,15912.320000000003,31534
2026-05-29T03:00:00+00:00,15912.320000000003,15945.810000000003,15859.800000000003,15926.300000000003,15660
2026-05-29T04:00:00+00:00,15926.300000000003,15938.800000000003,15923.810000000003,15935.820000000003,1646
2026-05-29T05:00:00+00:00,15935.820000000003,16041.820000000003,15909.300000000003,15917.310000000003,22286
2026-05-29T06:00:00+00:00,15917.310000000003,15931.310000000003,15845.300000000003,15896.800000000003,19049
2026-05-29T07:00:00+00:00,15896.800000000003,15921.300000000003,15872.800000000003,15894.810000000003,3389
2026-05-29T08:00:00+00:00,15894.810000000003,15896.320000000003,15870.300000000003,15892.800000000003,2400
2026-05-29T09:00:00+00:00,15892.800000000003,15895.310000000003,15856.310000000003,15884.300000000003,1779
2026-05-29T10:00:00+00:00,15884.300000000003,15899.310000000003,15858.310000000003,15899.310000000003,1050
2026-05-29T11:00:00+00:00,15899.310000000003,15910.310000000003,15891.300000000003,15904.800000000003,1320
2026-05-29T12:00:00+00:00,15904.800000000003,15910.320000000003,15887.810000000003,15910.320000000003,1081.105633802817
2026-05-29T13:00:00+00:00,15910.320000000003,15916.320000000003,15886.300000000003,15912.300000000003,1719
2026-05-29T14:00:00+00:00,15912.300000000003,15945.320000000003,15903.300000000003,15923.820000000003,3133
2026-05-29T15:00:00+00:00,15923.820000000003,15944.320000000003,15920.310000000003,15937.820000000003,2178.813762456235
2026-05-29T16:00:00+00:00,15937.820000000003,15938.840000000004,15918.820000000003,15918.840000000004,843
2026-05-29T17:00:00+00:00,15918.840000000004,15925.830000000004,15908.820000000003,15909.340000000004,743.4300611290903
2026-05-29T18:00:00+00:00,15909.340000000004,15919.840000000004,15907.820000000003,15915.830000000004,913
2026-05-29T19:00:00+00:00,15915.830000000004,15920.830000000004,15899.330000000004,15901.340000000004,665
2026-05-29T20:00:00+00:00,15901.340000000004,15919.330000000004,15900.340000000004,15919.320000000003,311.68117613346476
2026-06-01T01:00:00+00:00,15919.320000000003,15974.330000000004,15825.840000000004,15906.830000000004,35667.945701357465
2026-06-01T02:00:00+00:00,15906.830000000004,15946.340000000004,15725.820000000003,15739.820000000003,32910
2026-06-01T03:00:00+00:00,15739.820000000003,15774.340000000004,15679.320000000003,15756.330000000004,16700
2026-06-01T04:00:00+00:00,15756.330000000004,15777.340000000004,15750.320000000003,15776.830000000004,1042
2026-06-01T05:00:00+00:00,15776.830000000004,15840.340000000004,15729.830000000004,15756.320000000003,21557
2026-06-01T06:00:00+00:00,15756.320000000003,15759.340000000004,15665.320000000003,15689.840000000004,16423
2026-06-01T07:00:00+00:00,15689.840000000004,15696.340000000004,15670.830000000004,15685.320000000003,1976
2026-06-01T08:00:00+00:00,15685.320000000003,15685.330000000004,15671.320000000003,15673.340000000004,1453
2026-06-01T09:00:00+00:00,15673.340000000004,15673.830000000004,15634.830000000004,15671.830000000004,2079
2026-06-01T10:00:00+00:00,15671.830000000004,15680.340000000004,15671.830000000004,15675.330000000004,815
2026-06-01T11:00:00+00:00,15675.330000000004,15690.340000000004,15667.840000000004,15686.820000000003,1033
2026-06-01T12:00:00+00:00,15686.820000000003,15687.340000000004,15665.320000000003,15667.330000000004,1086
2026-06-01T13:00:00+00:00,15667.330000000004,15667.330000000004,15615.330000000004,15626.330000000004,7595
2026-06-01T14:00:00+00:00,15626.330000000004,15644.340000000004,15618.340000000004,15629.330000000004,3943
2026-06-01T15:00:00+00:00,15629.330000000004,15657.340000000004,15619.320000000003,15646.340000000004,2929
2026-06-01T16:00:00+00:00,15646.340000000004,15651.340000000004,15633.320000000003,15649.320000000003,1801
2026-06-01T17:00:00+00:00,15649.320000000003,15682.830000000004,15641.320000000003,15671.320000000003,2390
2026-06-01T18:00:00+00:00,15671.320000000003,15672.340000000004,15662.330000000004,15663.330000000004,576.2361963190184
2026-06-01T19:00:00+00:00,15663.330000000004,15666.340000000004,15656.320000000003,15662.820000000003,519.3649109708142
2026-06-01T20:00:00+00:00,15662.820000000003,15669.340000000004,15662.340000000004,15665.820000000003,248.80804325784703
2026-06-02T01:00:00+00:00,15665.820000000003,15871.330000000004,15618.830000000004,15805.340000000004,34824.9754601227
2026-06-02T02:00:00+00:00,15805.340000000004,15923.340000000004,15797.340000000004,15922.840000000004,33384
2026-06-02T03:00:00+00:00,15922.840000000004,15944.320000000003,15893.340000000004,15926.820000000003,14614
2026-06-02T04:00:00+00:00,15926.820000000003,15931.340000000004,15913.320000000003,15927.830000000004,1177
2026-06-02T05:00:00+00:00,15927.830000000004,16091.330000000004,15925.830000000004,16068.340000000004,25446
2026-06-02T06:00:00+00:00,16068.340000000004,16087.830000000004,16013.330000000004,16023.330000000004,14935
2026-06-02T07:00:00+00:00,16023.330000000004,16043.340000000004,16016.330000000004,16040.320000000003,2240
2026-06-02T08:00:00+00:00,16040.320000000003,16049.840000000004,16034.820000000003,16048.820000000003,1294
2026-06-02T09:00:00+00:00,16048.820000000003,16048.820000000003,16020.320000000003,16033.840000000004,1232
2026-06-02T10:00:00+00:00,16033.840000000004,16038.340000000004,16017.330000000004,16021.840000000004,874
2026-06-02T11:00:00+00:00,16021.840000000004,16037.830000000004,16020.330000000004,16028.340000000004,804.8249452954049
2026-06-02T12:00:00+00:00,16028.340000000004,16037.830000000004,16022.320000000003,16028.840000000004,1044.566560170394
2026-06-02T13:00:00+00:00,16028.840000000004,16036.330000000004,16019.820000000003,16022.320000000003,2863
2026-06-02T14:00:00+00:00,16022.320000000003,16045.340000000004,16008.320000000003,16044.830000000004,2755
2026-06-02T15:00:00+00:00,16044.830000000004,16061.340000000004,16042.320000000003,16052.330000000004,1938
2026-06-02T16:00:00+00:00,16052.330000000004,16054.320000000003,16033.320000000003,16035.330000000004,1295
2026-06-02T17:00:00+00:00,16035.330000000004,16035.330000000004,16018.340000000004,16020.820000000003,802.5533858267717
2026-06-02T18:00:00+00:00,16020.820000000003,16032.340000000004,16020.820000000003,16032.330000000004,704
2026-06-02T19:00:00+00:00,16032.330000000004,16038.340000000004,16027.26,16033.77,427
2026-06-02T20:00:00+00:00,16033.77,16033.78,16026.26,16028.27,166.1659931406552
2026-06-03T01:00:00+00:00,16028.27,16065.28,15971.76,16063.77,28995.93671720501
2026-06-03T02:00:00+00:00,16063.77,16183.27,16047.26,16182.27,29507
2026-06-03T03:00:00+00:00,16182.27,16267.28,16179.28,16242.77,14186
2026-06-03T04:00:00+00:00,16242.77,16268.28,16242.26,16263.27,1306
2026-06-03T05:00:00+00:00,16263.27,16265.27,16142.28,16186.77,24453
2026-06-03T06:00:00+00:00,16186.77,16229.78,16010.26,16096.27,26934
2026-06-03T07:00:00+00:00,16096.27,16112.28,16077.28,16108.27,2954
2026-06-03T08:00:00+00:00,16108.27,16110.27,16093.26,16103.76,2041
2026-06-03T09:00:00+00:00,16103.76,16103.76,16069.78,16087.76,945.6258758758759
2026-06-03T10:00:00+00:00,16087.76,16105.26,16082.26,16084.28,1364
2026-06-03T11:00:00+00:00,16084.28,16097.28,16083.77,16092.27,578
2026-06-03T12:00:00+00:00,16092.27,16094.28,16070.26,16077.26,1019
2026-06-03T13:00:00+00:00,16077.26,16081.28,16048.28,16060.77,2868
2026-06-03T14:00:00+00:00,16060.77,16070.27,16053.26,16065.28,2519
2026-06-03T15:00:00+00:00,16065.28,16072.28,16055.25,16058.77,2148.580230196344
2026-06-03T16:00:00+00:00,16058.77,16061.26,16045.27,16058.76,1379
2026-06-03T17:00:00+00:00,16058.76,16062.27,16049.25,16057.26,683
2026-06-03T18:00:00+00:00,16057.26,16063.26,16053.25,16056.27,815
2026-06-03T19:00:00+00:00,16056.27,16062.26,16052.25,16057.25,551.5180415786837
2026-06-03T20:00:00+00:00,16057.25,16059.75,16048.25,16051.75,180.65290987765965
2026-06-04T01:00:00+00:00,16051.75,16052.25,15926.25,15985.76,33484.203754831586
2026-06-04T02:00:00+00:00,15985.76,15997.27,15864.26,15906.25,25317
2026-06-04T03:00:00+00:00,15906.25,15937.27,15867.26,15881.76,10571
2026-06-04T04:00:00+00:00,15881.76,15882.27,15869.25,15877.26,871
2026-06-04T05:00:00+00:00,15877.26,15895.27,15792.25,15852.25,17843
2026-06-04T06:00:00+00:00,15852.25,15867.76,15789.26,15816.25,14145
2026-06-04T07:00:00+00:00,15816.25,15833.27,15803.75,15818.25,2295
2026-06-04T08:00:00+00:00,15818.25,15818.27,15792.25,15804.75,1600
2026-06-04T09:00:00+00:00,15804.75,15815.27,15775.26,15813.27,1963
2026-06-04T10:00:00+00:00,15813.27,15814.27,15797.25,15803.27,1222
2026-06-04T11:00:00+00:00,15803.27,15821.76,15797.25,15810.26,1959
2026-06-04T12:00:00+00:00,15810.26,15816.26,15797.26,15810.76,1618
2026-06-04T13:00:00+00:00,15810.76,15833.27,15806.25,15812.25,3207
2026-06-04T14:00:00+00:00,15812.25,15813.27,15795.77,15808.76,2245
2026-06-04T15:00:00+00:00,15808.76,15822.27,15801.26,15816.26,1355
2026-06-04T16:00:00+00:00,15816.26,15823.27,15813.25,15818.77,918.8578125
2026-06-04T17:00:00+00:00,15818.77,15825.27,15816.25,15823.26,925.6996996996997
2026-06-04T18:00:00+00:00,15823.26,15833.27,15821.75,15832.77,712
2026-06-04T19:00:00+00:00,15832.77,15835.27,15824.75,15828.76,443.2644308295344
2026-06-04T20:00:00+00:00,15828.76,15829.27,15825.25,15827.25,143.5883114063516
2026-06-05T01:00:00+00:00,15827.25,15874.76,15691.76,15870.77,36258.174140943505
2026-06-05T02:00:00+00:00,15870.77,15899.27,15772.75,15798.77,35029
2026-06-05T03:00:00+00:00,15798.77,15823.75,15754.25,15779.26,14088
2026-06-05T04:00:00+00:00,15779.26,15787.27,15771.25,15784.26,839
2026-06-05T05:00:00+00:00,15784.26,15798.27,15621.25,15622.75,28008
2026-06-05T06:00:00+00:00,15622.75,15624.27,15492.75,15502.26,25487
2026-06-05T07:00:00+00:00,15502.26,15515.75,15473.26,15498.25,3591
2026-06-05T08:00:00+00:00,15498.25,15501.27,15487.26,15500.77,1657
2026-06-05T09:00:00+00:00,15500.77,15537.27,15497.75,15521.26,1909
2026-06-05T10:00:00+00:00,15521.26,15534.27,15517.27,15531.25,640
2026-06-05T11:00:00+00:00,15531.25,15536.27,15521.25,15528.27,844
2026-06-05T12:00:00+00:00,15528.27,15535.76,15511.25,15511.26,2025
2026-06-05T13:00:00+00:00,15511.26,15521.26,15492.25,15492.26,4124
2026-06-05T14:00:00+00:00,15492.26,15504.25,15478.75,15491.26,3982
2026-06-05T15:00:00+00:00,15491.26,15491.27,15452.75,15455.77,2629.339982653946
2026-06-05T16:00:00+00:00,15455.77,15455.77,15427.26,15442.27,2658
2026-06-05T17:00:00+00:00,15442.27,15448.26,15429.26,15440.28,2305
2026-06-05T18:00:00+00:00,15440.28,15443.28,15399.26,15407.77,3034
2026-06-05T19:00:00+00:00,15407.77,15407.77,15369.27,15403.77,4554
2026-06-05T20:00:00+00:00,15403.77,15410.27,15347.26,15361.28,959
2026-06-08T01:00:00+00:00,15361.28,15440.28,15244.77,15354.78,35256.81651376147
2026-06-08T02:00:00+00:00,15354.78,15434.28,15288.26,15410.27,26918
2026-06-08T03:00:00+00:00,15410.27,15416.77,15341.26,15355.77,11689
2026-06-08T04:00:00+00:00,15355.77,15361.78,15333.76,15334.77,1023
2026-06-08T05:00:00+00:00,15334.77,15351.76,15155.26,15246.78,26291
2026-06-08T06:00:00+00:00,15246.78,15327.78,15235.26,15269.78,21834
2026-06-08T07:00:00+00:00,15269.78,15299.78,15240.76,15291.27,3574
2026-06-08T08:00:00+00:00,15291.27,15293.77,15280.26,15288.76,1200
2026-06-08T09:00:00+00:00,15288.76,15288.76,15257.76,15276.76,3001
2026-06-08T10:00:00+00:00,15276.76,15284.27,15256.76,15267.26,2462
2026-06-08T11:00:00+00:00,15267.26,15315.78,15259.76,15300.26,3074
2026-06-08T12:00:00+00:00,15300.26,15321.27,15297.77,15319.78,1645
2026-06-08T13:00:00+00:00,15319.78,15326.77,15284.76,15296.77,4111
2026-06-08T14:00:00+00:00,15296.77,15326.78,15293.76,15320.26,3735
2026-06-08T15:00:00+00:00,15320.26,15327.78,15300.76,15309.76,1886
2026-06-08T16:00:00+00:00,15309.76,15322.78,15305.76,15312.78,1622
2026-06-08T17:00:00+00:00,15312.78,15312.78,15298.76,15305.78,1778
2026-06-08T18:00:00+00:00,15305.78,15319.78,15305.76,15306.28,1151
2026-06-08T19:00:00+00:00,15306.28,15309.78,15293.26,15298.27,1599
2026-06-08T20:00:00+00:00,15298.27,15304.78,15298.27,15301.76,185.4
2026-06-09T01:00:00+00:00,15301.76,15314.38,15215.37,15283.87,28408.815082885827
2026-06-09T02:00:00+00:00,15283.87,15291.37,15175.39,15190.89,24658
2026-06-09T03:00:00+00:00,15190.89,15261.38,15180.87,15252.39,11071
2026-06-09T04:00:00+00:00,15252.39,15264.38,15244.39,15259.39,953
2026-06-09T05:00:00+00:00,15259.39,15360.88,15259.37,15331.39,20059
2026-06-09T06:00:00+00:00,15331.39,15412.88,15329.37,15383.39,14482
2026-06-09T07:00:00+00:00,15383.39,15398.88,15364.87,15370.37,2374
2026-06-09T08:00:00+00:00,15370.37,15473.89,15366.38,15443.37,3654
2026-06-09T09:00:00+00:00,15443.37,15463.88,15411.88,15452.88,1583
2026-06-09T10:00:00+00:00,15452.88,15465.89,15403.39,15455.38,1335
2026-06-09T11:00:00+00:00,15455.38,15469.89,15449.38,15449.89,1011
2026-06-09T12:00:00+00:00,15449.89,15452.89,15430.88,15447.89,1011
2026-06-09T13:00:00+00:00,15447.89,15484.88,15437.37,15438.39,2844
2026-06-09T14:00:00+00:00,15438.39,15449.89,15377.87,15397.87,7249
2026-06-09T15:00:00+00:00,15397.87,15399.89,15322.87,15322.88,6600
2026-06-09T16:00:00+00:00,15322.88,15340.89,15248.89,15281.37,13431
2026-06-09T17:00:00+00:00,15281.37,15346.39,15281.37,15335.88,6807
2026-06-09T18:00:00+00:00,15335.88,15362.89,15330.87,15361.39,4362
2026-06-09T19:00:00+00:00,15361.39,15367.89,15331.88,15365.38,3158
2026-06-09T20:00:00+00:00,15365.38,15373.39,15362.38,15369.87,277.09652612039247
2026-06-10T01:00:00+00:00,15369.87,15399.55,15260.05,15324.04,25473.390391156463
2026-06-10T02:00:00+00:00,15324.04,15356.53,15237.53,15277.54,22014
2026-06-10T03:00:00+00:00,15277.54,15367.04,15271.55,15320.04,11664
2026-06-10T04:00:00+00:00,15320.04,15321.05,15278.53,15289.03,1237
2026-06-10T05:00:00+00:00,15289.03,15304.04,15217.53,15293.03,21558
2026-06-10T06:00:00+00:00,15293.03,15329.04,15269.54,15316.55,14466
2026-06-10T07:00:00+00:00,15316.55,15318.05,15298.54,15309.04,1831
2026-06-10T08:00:00+00:00,15309.04,15309.55,15290.03,15295.04,1111
2026-06-10T09:00:00+00:00,15295.04,15295.04,15254.54,15283.53,2432
2026-06-10T10:00:00+00:00,15283.53,15292.55,15257.53,15288.54,2120
2026-06-10T11:00:00+00:00,15288.54,15292.54,15247.53,15273.55,5297
2026-06-10T12:00:00+00:00,15273.55,15327.55,15271.53,15307.55,5093
2026-06-10T13:00:00+00:00,15307.55,15373.55,15307.53,15351.55,5035
2026-06-10T14:00:00+00:00,15351.55,15374.55,15334.53,15343.55,5202
2026-06-10T15:00:00+00:00,15343.55,15349.55,15294.53,15333.04,7869
2026-06-10T16:00:00+00:00,15333.04,15339.55,15306.54,15310.53,5357
2026-06-10T17:00:00+00:00,15310.53,15319.55,15289.53,15314.54,4901
2026-06-10T18:00:00+00:00,15314.54,15324.53,15289.53,15292.53,3842.527130069621
2026-06-10T19:00:00+00:00,15292.53,15298.53,15270.54,15282.05,3104
2026-06-10T20:00:00+00:00,15282.05,15283.55,15253.05,15261.05,818.8648620151213
2026-06-11T01:00:00+00:00,15261.05,15383.58,15251.09,15318.57,16095.99394717535
2026-06-11T02:00:00+00:00,15318.57,15320.09,15203.08,15253.57,15570
2026-06-11T03:00:00+00:00,15253.57,15253.59,15177.09,15243.59,11822
2026-06-11T04:00:00+00:00,15243.59,15285.09,15238.59,15278.09,914
2026-06-11T05:00:00+00:00,15278.09,15295.59,15203.07,15218.07,21455
2026-06-11T06:00:00+00:00,15218.07,15268.58,15153.09,15260.57,16259
2026-06-11T07:00:00+00:00,15260.57,15276.58,15248.58,15267.57,2461
2026-06-11T08:00:00+00:00,15267.57,15281.08,15266.59,15270.57,798
2026-06-11T09:00:00+00:00,15270.57,15274.58,15248.58,15257.07,1174
2026-06-11T10:00:00+00:00,15257.07,15268.59,15254.07,15264.57,637
2026-06-11T11:00:00+00:00,15264.57,15280.07,15256.58,15272.59,1285
2026-06-11T12:00:00+00:00,15272.59,15274.58,15224.57,15254.58,4515
2026-06-11T13:00:00+00:00,15254.58,15314.58,15241.57,15295.09,4156
2026-06-11T14:00:00+00:00,15295.09,15309.59,15272.58,15275.09,5115
2026-06-11T15:00:00+00:00,15275.09,15296.59,15265.57,15290.09,4077
2026-06-11T16:00:00+00:00,15290.09,15304.59,15278.09,15278.58,2898
2026-06-11T17:00:00+00:00,15278.58,15378.59,15261.58,15366.57,10249
2026-06-11T18:00:00+00:00,15366.57,15371.07,15342.57,15363.09,3834
2026-06-11T19:00:00+00:00,15363.09,15404.59,15362.57,15393.07,2758
2026-06-11T20:00:00+00:00,15393.07,15401.57,15390.57,15391.57,311.6147815191946
2026-06-12T01:00:00+00:00,15391.57,15433.8,15293.29,15433.79,24462.04669631512
2026-06-12T02:00:00+00:00,15433.79,15534.8,15400.79,15533.31,19584
2026-06-12T03:00:00+00:00,15533.31,15577.81,15517.79,15550.81,11435
2026-06-12T04:00:00+00:00,15550.81,15550.81,15526.29,15545.3,919
2026-06-12T05:00:00+00:00,15545.3,15704.81,15540.29,15635.8,20788
2026-06-12T06:00:00+00:00,15635.8,15663.79,15600.79,15631.29,9679
2026-06-12T07:00:00+00:00,15631.29,15632.8,15593.8,15616.3,2161
2026-06-12T08:00:00+00:00,15616.3,15655.81,15615.79,15642.3,1231
2026-06-12T09:00:00+00:00,15642.3,15665.81,15609.79,15643.29,1933
2026-06-12T10:00:00+00:00,15643.29,15655.8,15604.79,15615.79,1326
2026-06-12T11:00:00+00:00,15615.79,15645.31,15610.79,15633.29,1021
2026-06-12T12:00:00+00:00,15633.29,15635.8,15605.8,15609.8,1130
2026-06-12T13:00:00+00:00,15609.8,15640.8,15604.8,15622.8,4676
2026-06-12T14:00:00+00:00,15622.8,15652.79,15606.79,15650.79,4641
2026-06-12T15:00:00+00:00,15650.79,15661.8,15615.78,15617.79,2919.941674426479
2026-06-12T16:00:00+00:00,15617.79,15641.79,15609.78,15638.28,3048
2026-06-12T17:00:00+00:00,15638.28,15649.78,15632.770000000002,15634.79,1540
2026-06-12T18:00:00+00:00,15634.79,15647.29,15633.78,15639.29,1313
2026-06-12T19:00:00+00:00,15639.29,15648.79,15631.29,15635.78,960
2026-06-12T20:00:00+00:00,15635.78,15639.770000000002,15632.29,15635.770000000002,180.19317612128336
2026-06-15T01:00:00+00:00,15635.770000000002,15815.430000000002,15633.270000000002,15761.430000000002,28175.44408759124
2026-06-15T02:00:00+00:00,15761.430000000002,15820.44,15708.430000000002,15738.430000000002,21466
2026-06-15T03:00:00+00:00,15738.430000000002,15766.44,15709.920000000002,15748.44,8298
2026-06-15T04:00:00+00:00,15748.44,15775.44,15740.920000000002,15754.920000000002,1131
2026-06-15T05:00:00+00:00,15754.920000000002,15802.44,15704.430000000002,15771.94,13569
2026-06-15T06:00:00+00:00,15771.94,15837.930000000002,15744.430000000002,15826.920000000002,9528
2026-06-15T07:00:00+00:00,15826.920000000002,15844.420000000002,15818.44,15819.930000000002,1712
2026-06-15T08:00:00+00:00,15819.930000000002,15831.44,15817.420000000002,15829.430000000002,848
2026-06-15T09:00:00+00:00,15829.430000000002,15847.44,15817.420000000002,15836.430000000002,1096.735601557696
2026-06-15T10:00:00+00:00,15836.430000000002,15844.430000000002,15830.430000000002,15838.420000000002,585
2026-06-15T11:00:00+00:00,15838.420000000002,15853.430000000002,15837.920000000002,15850.430000000002,796
2026-06-15T12:00:00+00:00,15850.430000000002,15862.44,15830.44,15861.430000000002,1148
2026-06-15T13:00:00+00:00,15861.430000000002,15864.94,15843.420000000002,15846.44,1711.8259668508288
2026-06-15T14:00:00+00:00,15846.44,15851.44,15831.430000000002,15836.44,1931
2026-06-15T15:00:00+00:00,15836.44,15858.44,15834.930000000002,15851.44,1041
2026-06-15T16:00:00+00:00,15851.44,15853.44,15842.420000000002,15845.430000000002,703
2026-06-15T17:00:00+00:00,15845.430000000002,15846.44,15837.420000000002,15838.94,651
2026-06-15T18:00:00+00:00,15838.94,15841.94,15832.920000000002,15838.44,481.87173396674586
2026-06-15T19:00:00+00:00,15838.44,15847.430000000002,15837.420000000002,15844.430000000002,620.6679389312977
2026-06-15T20:00:00+00:00,15844.430000000002,15847.44,15836.44,15839.94,135.09388331043573
2026-06-16T01:00:00+00:00,15839.94,15870.510000000002,15743.990000000002,15760.500000000002,15072.895950506187
2026-06-16T02:00:00+00:00,15760.500000000002,15821.010000000002,15735.490000000002,15767.990000000002,12897
2026-06-16T03:00:00+00:00,15767.990000000002,15794.510000000002,15758.010000000002,15781.010000000002,7509
2026-06-16T04:00:00+00:00,15781.010000000002,15790.010000000002,15771.490000000002,15773.510000000002,519.8031317779933
2026-06-16T05:00:00+00:00,15773.510000000002,15802.010000000002,15689.010000000002,15728.000000000002,13502
2026-06-16T06:00:00+00:00,15728.000000000002,15755.010000000002,15696.990000000002,15704.010000000002,9233
2026-06-16T07:00:00+00:00,15704.010000000002,15724.010000000002,15701.990000000002,15721.000000000002,760
2026-06-16T08:00:00+00:00,15721.000000000002,15727.510000000002,15714.490000000002,15726.510000000002,517.7330085644692
2026-06-16T09:00:00+00:00,15726.510000000002,15735.000000000002,15717.010000000002,15720.990000000002,534
2026-06-16T10:00:00+00:00,15720.990000000002,15722.510000000002,15714.490000000002,15721.000000000002,525.2832409972299
2026-06-16T11:00:00+00:00,15721.000000000002,15721.000000000002,15705.990000000002,15708.000000000002,390
2026-06-16T12:00:00+00:00,15708.000000000002,15731.010000000002,15706.490000000002,15726.990000000002,653.2204496011602
2026-06-16T13:00:00+00:00,15726.990000000002,15741.010000000002,15717.510000000002,15734.000000000002,1147.238611713666
2026-06-16T14:00:00+00:00,15734.000000000002,15741.010000000002,15692.990000000002,15702.990000000002,1788
2026-06-16T15:00:00+00:00,15702.990000000002,15714.000000000002,15690.990000000002,15703.990000000002,1830
2026-06-16T16:00:00+00:00,15703.990000000002,15713.010000000002,15699.490000000002,15701.510000000002,953
2026-06-16T17:00:00+00:00,15701.510000000002,15708.010000000002,15694.010000000002,15704.000000000002,731
2026-06-16T18:00:00+00:00,15704.000000000002,15708.010000000002,15700.490000000002,15703.510000000002,486
2026-06-16T19:00:00+00:00,15703.510000000002,15704.010000000002,15690.000000000002,15697.510000000002,787.535926526202
2026-06-16T20:00:00+00:00,15697.510000000002,15698.010000000002,15691.990000000002,15694.990000000002,115.50732828853432
2026-06-17T01:00:00+00:00,15694.990000000002,15710.050000000001,15603.050000000001,15611.53,17636.65076035658
2026-06-17T02:00:00+00:00,15611.53,15644.550000000001,15577.04,15592.050000000001,16959
2026-06-17T03:00:00+00:00,15592.050000000001,15608.050000000001,15566.03,15600.54,7988
2026-06-17T04:00:00+00:00,15600.54,15601.050000000001,15577.54,15586.53,725
2026-06-17T05:00:00+00:00,15586.53,15642.04,15546.03,15596.550000000001,14051
2026-06-17T06:00:00+00:00,15596.550000000001,15684.03,15574.03,15681.550000000001,8521
2026-06-17T07:00:00+00:00,15681.550000000001,15682.050000000001,15660.03,15662.04,960
2026-06-17T08:00:00+00:00,15662.04,15669.050000000001,15649.53,15659.53,894
2026-06-17T09:00:00+00:00,15659.53,15664.550000000001,15646.53,15656.03,658.5029839326703
2026-06-17T10:00:00+00:00,15656.03,15658.04,15640.03,15649.03,548
2026-06-17T11:00:00+00:00,15649.03,15652.050000000001,15633.050000000001,15636.03,438.5472233099159
2026-06-17T12:00:00+00:00,15636.03,15661.04,15636.03,15652.550000000001,484.6072974644403
2026-06-17T13:00:00+00:00,15652.550000000001,15666.550000000001,15646.03,15646.050000000001,1538.445434298441
2026-06-17T14:00:00+00:00,15646.050000000001,15669.04,15635.03,15645.53,2931
2026-06-17T15:00:00+00:00,15645.53,15660.050000000001,15643.03,15653.03,1153
2026-06-17T16:00:00+00:00,15653.03,15659.04,15646.03,15651.54,557
2026-06-17T17:00:00+00:00,15651.54,15658.03,15639.54,15658.03,771
2026-06-17T18:00:00+00:00,15658.03,15658.03,15601.03,15615.550000000001,7914.342298021209
2026-06-17T19:00:00+00:00,15615.550000000001,15623.550000000001,15544.03,15558.550000000001,6640
2026-06-17T20:00:00+00:00,15558.550000000001,15580.53,15553.53,15577.54,318
2026-06-18T01:00:00+00:00,15577.54,15798.310000000001,15577.54,15795.29,23672.822683807233
2026-06-18T02:00:00+00:00,15795.29,15827.300000000001,15726.29,15732.29,24773
2026-06-18T03:00:00+00:00,15732.29,15743.810000000001,15671.300000000001,15718.79,9883
2026-06-18T04:00:00+00:00,15718.79,15721.310000000001,15688.810000000001,15701.810000000001,826.0481022714962
2026-06-18T05:00:00+00:00,15701.810000000001,15822.300000000001,15692.29,15769.79,18239
2026-06-18T06:00:00+00:00,15769.79,15824.800000000001,15730.29,15799.29,15482
2026-06-18T07:00:00+00:00,15799.29,15804.810000000001,15764.310000000001,15797.300000000001,3426
2026-06-18T08:00:00+00:00,15797.300000000001,15826.300000000001,15797.300000000001,15814.800000000001,1236
2026-06-18T09:00:00+00:00,15814.800000000001,15814.800000000001,15756.79,15790.300000000001,924.756267207651
2026-06-18T10:00:00+00:00,15790.300000000001,15790.310000000001,15770.800000000001,15771.810000000001,605
2026-06-18T11:00:00+00:00,15771.810000000001,15783.300000000001,15757.29,15764.29,915
2026-06-18T12:00:00+00:00,15764.29,15802.310000000001,15763.29,15798.800000000001,802
2026-06-18T13:00:00+00:00,15798.800000000001,15810.29,15757.29,15765.800000000001,2603
2026-06-18T14:00:00+00:00,15765.800000000001,15803.800000000001,15762.310000000001,15796.300000000001,2077
2026-06-18T15:00:00+00:00,15796.300000000001,15796.310000000001,15758.300000000001,15780.300000000001,1743
2026-06-18T16:00:00+00:00,15780.300000000001,15797.310000000001,15780.29,15790.310000000001,903
2026-06-18T17:00:00+00:00,15790.310000000001,15797.310000000001,15786.300000000001,15787.310000000001,537
2026-06-18T18:00:00+00:00,15787.310000000001,15792.300000000001,15779.29,15780.810000000001,507
2026-06-18T19:00:00+00:00,15780.810000000001,15794.300000000001,15762.79,15787.310000000001,803
2026-06-18T20:00:00+00:00,15787.310000000001,15790.810000000001,15776.800000000001,15776.800000000001,281.97546340668293
2026-06-19T01:00:00+00:00,15776.800000000001,15776.800000000001,15718.19,15739.180000000002,2407.9942558746734
2026-06-19T02:00:00+00:00,15739.180000000002,15790.180000000002,15728.670000000002,15778.670000000002,1903
2026-06-19T03:00:00+00:00,15778.670000000002,15786.19,15744.170000000002,15748.19,1435
2026-06-19T04:00:00+00:00,15748.19,15753.19,15717.680000000002,15730.670000000002,1147
2026-06-19T05:00:00+00:00,15730.670000000002,15765.19,15721.19,15765.170000000002,1365
2026-06-19T06:00:00+00:00,15765.170000000002,15793.19,15762.170000000002,15782.180000000002,1012
2026-06-19T07:00:00+00:00,15782.180000000002,15796.180000000002,15770.670000000002,15776.680000000002,757
2026-06-19T08:00:00+00:00,15776.680000000002,15790.19,15776.680000000002,15788.19,356
2026-06-19T09:00:00+00:00,15788.19,15792.19,15776.69,15789.69,644.9758248784494
2026-06-19T10:00:00+00:00,15789.69,15789.69,15763.670000000002,15764.170000000002,553
2026-06-19T11:00:00+00:00,15764.170000000002,15769.19,15758.670000000002,15764.170000000002,334.8710263396912
2026-06-19T12:00:00+00:00,15764.170000000002,15795.180000000002,15756.170000000002,15785.170000000002,537.4860791792007
2026-06-19T13:00:00+00:00,15785.170000000002,15789.170000000002,15772.660000000002,15774.68,532.7487091222031
2026-06-19T14:00:00+00:00,15774.68,15777.68,15765.160000000002,15776.160000000002,223
2026-06-19T15:00:00+00:00,15776.160000000002,15794.68,15768.660000000002,15775.160000000002,379.82503541759456
2026-06-19T16:00:00+00:00,15775.160000000002,15790.68,15773.68,15777.160000000002,318.0845665961945
2026-06-19T17:00:00+00:00,15777.160000000002,15782.660000000002,15774.160000000002,15776.670000000002,133.78459307827998
2026-06-19T18:00:00+00:00,15776.670000000002,15782.660000000002,15776.18,15777.660000000002,141.53204674166247
2026-06-19T19:00:00+00:00,15777.660000000002,15779.68,15774.660000000002,15775.170000000002,154.60123691557192
2026-06-19T20:00:00+00:00,15775.170000000002,15777.18,15775.170000000002,15777.160000000002,105.95193592756226
2026-06-22T01:00:00+00:00,15777.160000000002,15848.86,15622.340000000002,15780.85,28108.574468085106
2026-06-22T02:00:00+00:00,15780.85,15846.36,15703.340000000002,15776.86,40022
2026-06-22T03:00:00+00:00,15776.86,15816.36,15699.36,15803.35,16922
2026-06-22T04:00:00+00:00,15803.35,15810.36,15783.86,15805.85,979.3723470384513
2026-06-22T05:00:00+00:00,15805.85,15994.36,15781.36,15893.340000000002,27608
2026-06-22T06:00:00+00:00,15893.340000000002,16069.36,15893.340000000002,16054.85,21138
2026-06-22T07:00:00+00:00,16054.85,16078.35,16033.35,16034.36,2313
2026-06-22T08:00:00+00:00,16034.36,16052.36,16032.85,16042.36,1228
2026-06-22T09:00:00+00:00,16042.36,16054.36,16031.85,16039.36,1034
2026-06-22T10:00:00+00:00,16039.36,16056.36,16039.35,16052.36,697
2026-06-22T11:00:00+00:00,16052.36,16085.36,16047.35,16056.340000000002,1312
2026-06-22T12:00:00+00:00,16056.340000000002,16060.36,16048.35,16048.36,566
2026-06-22T13:00:00+00:00,16048.36,16107.35,16048.36,16092.840000000002,2864
2026-06-22T14:00:00+00:00,16092.840000000002,16095.36,16037.36,16048.36,3558
2026-06-22T15:00:00+00:00,16048.36,16079.36,16046.340000000002,16058.35,2878
2026-06-22T16:00:00+00:00,16058.35,16067.340000000002,16049.340000000002,16064.35,1632
2026-06-22T17:00:00+00:00,16064.35,16068.840000000002,16056.35,16056.35,1016
2026-06-22T18:00:00+00:00,16056.35,16067.36,16054.340000000002,16056.340000000002,875
2026-06-22T19:00:00+00:00,16056.340000000002,16066.36,16048.340000000002,16062.85,911
2026-06-22T20:00:00+00:00,16062.85,16067.35,16049.85,16051.340000000002,187.35424204301896
2026-06-23T01:00:00+00:00,16051.340000000002,16114.62,15935.62,15941.130000000001,30477.756797583083
2026-06-23T02:00:00+00:00,15941.130000000001,15966.62,15863.61,15881.62,28716
2026-06-23T03:00:00+00:00,15881.62,15887.130000000001,15773.630000000001,15816.61,13309
2026-06-23T04:00:00+00:00,15816.61,15818.12,15773.11,15778.12,1672
2026-06-23T05:00:00+00:00,15778.12,15778.630000000001,15600.12,15635.12,19766
2026-06-23T06:00:00+00:00,15635.12,15641.130000000001,15483.11,15522.630000000001,24946
2026-06-23T07:00:00+00:00,15522.630000000001,15565.61,15518.62,15547.12,3906
2026-06-23T08:00:00+00:00,15547.12,15547.630000000001,15528.62,15534.61,2089
2026-06-23T09:00:00+00:00,15534.61,15585.130000000001,15525.11,15583.630000000001,2019
2026-06-23T10:00:00+00:00,15583.630000000001,15602.630000000001,15575.630000000001,15591.61,1387
2026-06-23T11:00:00+00:00,15591.61,15602.11,15583.62,15594.630000000001,1413
2026-06-23T12:00:00+00:00,15594.630000000001,15598.630000000001,15579.61,15587.12,1322
2026-06-23T13:00:00+00:00,15587.12,15635.630000000001,15577.61,15629.61,4303
2026-06-23T14:00:00+00:00,15629.61,15642.12,15613.630000000001,15621.630000000001,3426
2026-06-23T15:00:00+00:00,15621.630000000001,15627.630000000001,15601.62,15622.630000000001,2430
2026-06-23T16:00:00+00:00,15622.630000000001,15631.11,15621.12,15630.62,1425
2026-06-23T17:00:00+00:00,15630.62,15634.630000000001,15613.61,15616.630000000001,1107
2026-06-23T18:00:00+00:00,15616.630000000001,15620.630000000001,15591.61,15599.62,1099
2026-06-23T19:00:00+00:00,15599.62,15610.630000000001,15590.130000000001,15590.130000000001,1890
2026-06-23T20:00:00+00:00,15590.130000000001,15607.630000000001,15588.12,15606.62,163.31279556527082
2026-06-24T01:00:00+00:00,15606.62,15647.330000000002,15535.820000000002,15625.310000000001,31713.005319148935
2026-06-24T02:00:00+00:00,15625.310000000001,15652.830000000002,15519.330000000002,15532.320000000002,29951
2026-06-24T03:00:00+00:00,15532.320000000002,15601.320000000002,15514.810000000001,15592.330000000002,18298
2026-06-24T04:00:00+00:00,15592.330000000002,15594.330000000002,15549.820000000002,15591.810000000001,2869
2026-06-24T05:00:00+00:00,15591.810000000001,15647.830000000002,15555.820000000002,15576.810000000001,26281
2026-06-24T06:00:00+00:00,15576.810000000001,15632.830000000002,15557.830000000002,15621.820000000002,14156
2026-06-24T07:00:00+00:00,15621.820000000002,15623.830000000002,15599.810000000001,15605.820000000002,3109
2026-06-24T08:00:00+00:00,15605.820000000002,15619.830000000002,15601.830000000002,15612.820000000002,1062
2026-06-24T09:00:00+00:00,15612.820000000002,15612.820000000002,15570.810000000001,15575.810000000001,2259
2026-06-24T10:00:00+00:00,15575.810000000001,15583.820000000002,15570.310000000001,15576.330000000002,907
2026-06-24T11:00:00+00:00,15576.330000000002,15593.310000000001,15565.810000000001,15585.810000000001,1035
2026-06-24T12:00:00+00:00,15585.810000000001,15587.830000000002,15538.820000000002,15542.820000000002,1201
2026-06-24T13:00:00+00:00,15542.820000000002,15593.830000000002,15535.810000000001,15582.330000000002,4238
2026-06-24T14:00:00+00:00,15582.330000000002,15584.810000000001,15558.810000000001,15579.830000000002,3916
2026-06-24T15:00:00+00:00,15579.830000000002,15585.830000000002,15564.830000000002,15575.810000000001,1999
2026-06-24T16:00:00+00:00,15575.810000000001,15581.310000000001,15560.330000000002,15562.810000000001,1538
2026-06-24T17:00:00+00:00,15562.810000000001,15567.820000000002,15528.810000000001,15530.820000000002,3235
2026-06-24T18:00:00+00:00,15530.820000000002,15559.830000000002,15528.820000000002,15533.810000000001,2734.750615139673
2026-06-24T19:00:00+00:00,15533.810000000001,15553.810000000001,15523.810000000001,15547.810000000001,2172
2026-06-24T20:00:00+00:00,15547.810000000001,15611.320000000002,15545.810000000001,15607.800000000001,572
2026-06-25T01:00:00+00:00,15607.800000000001,15717.61,15554.61,15679.61,33997.782258064515
2026-06-25T02:00:00+00:00,15679.61,15773.6,15636.59,15755.61,45568
2026-06-25T03:00:00+00:00,15755.61,15922.61,15732.09,15858.11,21763
2026-06-25T04:00:00+00:00,15858.11,15879.61,15851.11,15877.59,1102
2026-06-25T05:00:00+00:00,15877.59,15915.11,15748.6,15774.6,26766
2026-06-25T06:00:00+00:00,15774.6,15880.59,15774.6,15873.6,16269
2026-06-25T07:00:00+00:00,15873.6,15899.6,15854.1,15899.6,3078
2026-06-25T08:00:00+00:00,15899.6,15907.11,15887.59,15903.1,1081
2026-06-25T09:00:00+00:00,15903.1,15913.61,15892.59,15898.6,935
2026-06-25T10:00:00+00:00,15898.6,15911.11,15891.09,15905.1,636
2026-06-25T11:00:00+00:00,15905.1,15911.61,15901.09,15903.61,752
2026-06-25T12:00:00+00:00,15903.61,15930.6,15898.59,15922.59,1834
2026-06-25T13:00:00+00:00,15922.59,15926.61,15827.59,15832.6,5379
2026-06-25T14:00:00+00:00,15832.6,15874.61,15825.6,15854.6,8084
2026-06-25T15:00:00+00:00,15854.6,15868.61,15824.59,15858.6,4312
2026-06-25T16:00:00+00:00,15858.6,15882.1,15837.6,15848.61,2749
2026-06-25T17:00:00+00:00,15848.61,15863.59,15841.59,15857.6,2335
2026-06-25T18:00:00+00:00,15857.6,15867.6,15837.09,15849.59,2713
2026-06-25T19:00:00+00:00,15849.59,15856.1,15835.61,15856.1,2162
2026-06-25T20:00:00+00:00,15856.1,15873.1,15854.6,15866.09,277.91488712662414
2026-06-26T01:00:00+00:00,15866.09,15866.09,15499.02,15571.03,35222.015198511166
2026-06-26T02:00:00+00:00,15571.03,15580.04,15242.02,15274.04,35609
2026-06-26T03:00:00+00:00,15274.04,15316.03,15233.52,15307.54,23356
2026-06-26T04:00:00+00:00,15307.54,15308.53,15247.02,15254.54,1988
2026-06-26T05:00:00+00:00,15254.54,15435.54,15244.03,15396.03,32722
2026-06-26T06:00:00+00:00,15396.03,15405.03,15293.03,15322.04,23932
2026-06-26T07:00:00+00:00,15322.04,15336.04,15298.03,15329.54,3813
2026-06-26T08:00:00+00:00,15329.54,15356.04,15326.02,15341.53,1679
2026-06-26T09:00:00+00:00,15341.53,15341.53,15252.03,15313.03,2811
2026-06-26T10:00:00+00:00,15313.03,15317.03,15301.02,15312.02,1336
2026-06-26T11:00:00+00:00,15312.02,15331.04,15308.02,15320.04,1418
2026-06-26T12:00:00+00:00,15320.04,15381.02,15316.03,15365.04,2031
2026-06-26T13:00:00+00:00,15365.04,15391.02,15337.52,15386.54,6272
2026-06-26T14:00:00+00:00,15386.54,15459.03,15378.53,15435.03,5412
2026-06-26T15:00:00+00:00,15435.03,15469.04,15415.04,15458.54,3569.7459417675855
2026-06-26T16:00:00+00:00,15458.54,15461.04,15427.02,15448.04,2337
2026-06-26T17:00:00+00:00,15448.04,15460.04,15438.02,15442.04,1438
2026-06-26T18:00:00+00:00,15442.04,15446.54,15412.04,15416.04,1410
2026-06-26T19:00:00+00:00,15416.04,15446.03,15412.03,15428.53,2152
2026-06-26T20:00:00+00:00,15428.53,15440.53,15424.52,15430.04,377.9119827809898
2026-06-29T01:00:00+00:00,15430.04,15431.04,15119.01,15282.490000000002,35390.6665060241
2026-06-29T02:00:00+00:00,15282.490000000002,15328.51,15162.990000000002,15306.500000000002,49831
2026-06-29T03:00:00+00:00,15306.500000000002,15358.490000000002,15252.490000000002,15271.000000000002,18596
2026-06-29T04:00:00+00:00,15271.000000000002,15289.490000000002,15264.490000000002,15273.51,1045
2026-06-29T05:00:00+00:00,15273.51,15410.01,15195.500000000002,15374.51,26088
2026-06-29T06:00:00+00:00,15374.51,15486.51,15310.490000000002,15472.500000000002,23219
2026-06-29T07:00:00+00:00,15472.500000000002,15472.51,15424.990000000002,15437.500000000002,3025
2026-06-29T08:00:00+00:00,15437.500000000002,15452.51,15435.990000000002,15448.000000000002,1323
2026-06-29T09:00:00+00:00,15448.000000000002,15448.000000000002,15392.490000000002,15402.51,1525
2026-06-29T10:00:00+00:00,15402.51,15427.51,15402.490000000002,15425.490000000002,990
2026-06-29T11:00:00+00:00,15425.490000000002,15428.490000000002,15407.000000000002,15424.000000000002,928
2026-06-29T12:00:00+00:00,15424.000000000002,15426.51,15363.51,15393.51,2070
2026-06-29T13:00:00+00:00,15393.51,15430.51,15387.490000000002,15400.490000000002,3968
2026-06-29T14:00:00+00:00,15400.490000000002,15422.51,15369.51,15420.01,5903
2026-06-29T15:00:00+00:00,15420.01,15435.51,15410.490000000002,15435.01,2662
2026-06-29T16:00:00+00:00,15435.01,15471.500000000002,15434.490000000002,15465.490000000002,1357
2026-06-29T17:00:00+00:00,15465.490000000002,15481.500000000002,15464.500000000002,15476.51,851
2026-06-29T18:00:00+00:00,15476.51,15484.51,15472.490000000002,15478.000000000002,770
2026-06-29T19:00:00+00:00,15478.000000000002,15480.490000000002,15468.000000000002,15477.000000000002,670.8725195429946
2026-06-29T20:00:00+00:00,15477.000000000002,15481.500000000002,15473.490000000002,15475.51,150.2666185548875
2026-06-30T01:00:00+00:00,15475.51,15497.93,15361.93,15462.92,30687.824795523033
2026-06-30T02:00:00+00:00,15462.92,15517.92,15406.410000000002,15474.92,26479
2026-06-30T03:00:00+00:00,15474.92,15616.43,15473.43,15580.93,12416
2026-06-30T04:00:00+00:00,15580.93,15594.93,15575.42,15576.43,515.9704277101987
2026-06-30T05:00:00+00:00,15576.43,15602.43,15509.42,15547.92,24735
2026-06-30T06:00:00+00:00,15547.92,15589.92,15507.410000000002,15561.92,16276
2026-06-30T07:00:00+00:00,15561.92,15591.93,15553.910000000002,15582.92,2621
2026-06-30T08:00:00+00:00,15582.92,15591.410000000002,15574.410000000002,15588.910000000002,1029
2026-06-30T09:00:00+00:00,15588.910000000002,15606.93,15567.93,15603.92,1100.0147830744509
2026-06-30T10:00:00+00:00,15603.92,15607.92,15594.910000000002,15605.93,701
2026-06-30T11:00:00+00:00,15605.93,15606.42,15591.910000000002,15595.93,564
2026-06-30T12:00:00+00:00,15595.93,15599.93,15585.410000000002,15592.43,840
2026-06-30T13:00:00+00:00,15592.43,15603.93,15582.910000000002,15602.43,2370
2026-06-30T14:00:00+00:00,15602.43,15634.92,15595.43,15614.42,2538
2026-06-30T15:00:00+00:00,15614.42,15634.93,15614.42,15623.93,1513
2026-06-30T16:00:00+00:00,15623.93,15637.910000000002,15622.92,15628.92,815
2026-06-30T17:00:00+00:00,15628.92,15632.92,15623.910000000002,15629.410000000002,453
2026-06-30T18:00:00+00:00,15629.410000000002,15637.92,15627.910000000002,15635.92,454.389400921659
2026-06-30T19:00:00+00:00,15635.92,15638.410000000002,15625.910000000002,15628.43,570
2026-06-30T20:00:00+00:00,15628.43,15629.93,15615.910000000002,15616.42,153.4437350359138
2026-07-01T01:00:00+00:00,15616.42,15630.92,15414.410000000002,15420.42,19014.015525758645
2026-07-01T02:00:00+00:00,15420.42,15601.92,15404.910000000002,15534.400000000001,22646
2026-07-01T03:00:00+00:00,15534.400000000001,15544.900000000001,15480.900000000001,15517.900000000001,7908
2026-07-01T04:00:00+00:00,15517.900000000001,15521.92,15505.900000000001,15516.410000000002,940
2026-07-01T05:00:00+00:00,15516.410000000002,15524.42,15275.900000000001,15322.42,15966
2026-07-01T06:00:00+00:00,15322.42,15367.910000000002,15256.900000000001,15307.910000000002,12379
2026-07-01T07:00:00+00:00,15307.910000000002,15326.92,15289.900000000001,15323.910000000002,2044
2026-07-01T08:00:00+00:00,15323.910000000002,15329.42,15316.92,15322.900000000001,624
2026-07-01T09:00:00+00:00,15322.900000000001,15323.92,15303.900000000001,15310.92,745.3252405949256
2026-07-01T10:00:00+00:00,15310.92,15332.92,15303.910000000002,15331.900000000001,440.90765432098766
2026-07-01T11:00:00+00:00,15331.900000000001,15337.910000000002,15321.910000000002,15322.42,374.9006850326276
2026-07-01T12:00:00+00:00,15322.42,15334.92,15307.900000000001,15320.92,1056
2026-07-01T13:00:00+00:00,15320.92,15364.42,15292.900000000001,15364.400000000001,2858
2026-07-01T14:00:00+00:00,15364.400000000001,15399.910000000002,15363.900000000001,15378.910000000002,2020
2026-07-01T15:00:00+00:00,15378.910000000002,15406.400000000001,15377.910000000002,15398.900000000001,1074
2026-07-01T16:00:00+00:00,15398.900000000001,15404.410000000002,15387.910000000002,15389.910000000002,777
2026-07-01T17:00:00+00:00,15389.910000000002,15405.92,15388.900000000001,15396.910000000002,782.0641711229946
2026-07-01T18:00:00+00:00,15396.910000000002,15401.900000000001,15385.43,15387.92,567.5427985475116
2026-07-01T19:00:00+00:00,15387.92,15401.439999999999,15373.92,15383.42,1004
2026-07-01T20:00:00+00:00,15383.42,15383.42,15374.93,15378.93,182.3808369619381
2026-07-02T01:00:00+00:00,15378.93,15379.9,14904.39,14924.39,40339.77149681529
2026-07-02T02:00:00+00:00,14924.39,15066.91,14917.89,14967.41,38256
2026-07-02T03:00:00+00:00,14967.41,14998.4,14904.9,14969.4,13727
2026-07-02T04:00:00+00:00,14969.4,14972.41,14937.89,14953.4,2222
2026-07-02T05:00:00+00:00,14953.4,14992.9,14841.39,14872.39,22340
2026-07-02T06:00:00+00:00,14872.39,14901.89,14762.9,14789.9,20421
2026-07-02T07:00:00+00:00,14789.9,14820.9,14770.9,14812.89,4308
2026-07-02T08:00:00+00:00,14812.89,14825.91,14798.39,14810.41,1379
2026-07-02T09:00:00+00:00,14810.41,14810.41,14753.89,14789.4,1764
2026-07-02T10:00:00+00:00,14789.4,14820.9,14770.91,14818.41,776
2026-07-02T11:00:00+00:00,14818.41,14832.91,14812.89,14822.4,627
2026-07-02T12:00:00+00:00,14822.4,14886.91,14817.41,14856.9,3371
2026-07-02T13:00:00+00:00,14856.9,14913.89,14848.89,14900.91,3968
2026-07-02T14:00:00+00:00,14900.91,14901.91,14845.91,14853.41,5243
2026-07-02T15:00:00+00:00,14853.41,14853.41,14794.39,14799.89,4470
2026-07-02T16:00:00+00:00,14799.89,14802.9,14762.89,14766.9,3072
2026-07-02T17:00:00+00:00,14766.9,14772.4,14736.89,14737.89,2695
2026-07-02T18:00:00+00:00,14737.89,14765.91,14734.89,14761.41,2471
2026-07-02T19:00:00+00:00,14761.41,14813.39,14755.9,14811.9,2064
2026-07-02T20:00:00+00:00,14811.9,14840.41,14809.39,14825.41,268.2272230768326
2026-07-03T01:00:00+00:00,14825.41,14943.32,14754.81,14932.3,34734.61753703427
2026-07-03T02:00:00+00:00,14932.3,15110.32,14912.8,15109.82,28681
2026-07-03T03:00:00+00:00,15109.82,15123.32,15064.32,15086.81,12791
2026-07-03T04:00:00+00:00,15086.81,15114.81,15079.31,15110.32,829.604717948718
2026-07-03T05:00:00+00:00,15110.32,15150.82,15009.31,15089.8,23200
2026-07-03T06:00:00+00:00,15089.8,15148.32,14989.3,14998.81,16897
2026-07-03T07:00:00+00:00,14998.81,14999.32,14977.3,14988.31,1897
2026-07-03T08:00:00+00:00,14988.31,15000.31,14979.81,14980.8,738
2026-07-03T09:00:00+00:00,14980.8,15007.31,14973.8,14986.32,926
2026-07-03T10:00:00+00:00,14986.32,14992.32,14974.31,14982.82,430.7948273129906
2026-07-03T11:00:00+00:00,14982.82,14985.82,14977.8,14984.8,301.1924700277066
2026-07-03T12:00:00+00:00,14984.8,14997.32,14982.3,14996.31,314.60900643316654
2026-07-03T13:00:00+00:00,14996.31,15007.32,14994.3,15005.3,410.2685370741483
2026-07-03T14:00:00+00:00,15005.3,15007.82,14994.81,15006.3,316.06497175141243
2026-07-03T15:00:00+00:00,15006.3,15006.82,14990.8,14992.82,328.64585581874354
2026-07-03T16:00:00+00:00,14992.82,15001.82,14991.8,14996.8,310.19159836065575
2026-07-03T17:00:00+00:00,14996.8,14998.81,14994.8,14998.32,112.84378972529751
2026-07-03T18:00:00+00:00,14998.32,14998.32,14994.3,14994.3,113.80599064503079
2026-07-03T19:00:00+00:00,14994.3,14995.32,14980.8,14984.3,223.19792722711856
2026-07-03T20:00:00+00:00,14984.3,14990.32,14980.3,14987.31,1453.695141091273
2026-07-06T01:00:00+00:00,14987.31,15113.83,14931.33,15030.34,34893.61800588977
2026-07-06T02:00:00+00:00,15030.34,15069.84,14887.33,14983.34,35827
2026-07-06T03:00:00+00:00,14983.34,15090.84,14965.32,15076.84,15816
2026-07-06T04:00:00+00:00,15076.84,15079.82,15058.83,15074.34,928
2026-07-06T05:00:00+00:00,15074.34,15089.32,15001.83,15065.34,20612
2026-07-06T06:00:00+00:00,15065.34,15090.34,15012.82,15020.32,11258
2026-07-06T07:00:00+00:00,15020.32,15035.34,14999.84,15029.33,2110
2026-07-06T08:00:00+00:00,15029.33,15039.84,15025.82,15031.32,1016
2026-07-06T09:00:00+00:00,15031.32,15031.83,14993.82,15009.84,1402
2026-07-06T10:00:00+00:00,15009.84,15018.84,15007.34,15010.82,541
2026-07-06T11:00:00+00:00,15010.82,15015.84,15003.82,15008.83,491
2026-07-06T12:00:00+00:00,15008.83,15017.84,15000.33,15002.34,592
2026-07-06T13:00:00+00:00,15002.34,15027.32,14992.34,15023.83,2373
2026-07-06T14:00:00+00:00,15023.83,15024.83,15009.82,15022.84,1950
2026-07-06T15:00:00+00:00,15022.84,15045.84,15019.84,15038.32,1109
2026-07-06T16:00:00+00:00,15038.32,15039.84,15030.82,15036.84,544
2026-07-06T17:00:00+00:00,15036.84,15042.84,15030.83,15034.82,659
2026-07-06T18:00:00+00:00,15034.82,15043.82,15033.82,15042.33,454.66909923750995
2026-07-06T19:00:00+00:00,15042.33,15048.84,15039.82,15048.33,512.869696969697
2026-07-06T20:00:00+00:00,15048.33,15048.33,15043.82,15043.82,108.5703818768261
2026-07-07T01:00:00+00:00,15043.82,15080.96,14946.449999999999,15048.939999999999,27738.732923076925
2026-07-07T02:00:00+00:00,15048.939999999999,15092.96,14978.939999999999,14982.46,23875
2026-07-07T03:00:00+00:00,14982.46,15040.96,14973.949999999999,14981.949999999999,10996
2026-07-07T04:00:00+00:00,14981.949999999999,14990.46,14966.439999999999,14981.949999999999,1140
2026-07-07T05:00:00+00:00,14981.949999999999,15032.96,14845.939999999999,14989.439999999999,27519
2026-07-07T06:00:00+00:00,14989.439999999999,15013.46,14925.949999999999,14968.46,15823
2026-07-07T07:00:00+00:00,14968.46,14978.96,14954.449999999999,14970.96,2290
2026-07-07T08:00:00+00:00,14970.96,14976.439999999999,14962.939999999999,14975.96,613
2026-07-07T09:00:00+00:00,14975.96,14990.939999999999,14957.439999999999,14981.949999999999,794
2026-07-07T10:00:00+00:00,14981.949999999999,14984.46,14955.949999999999,14975.96,851
2026-07-07T11:00:00+00:00,14975.96,14980.96,14963.439999999999,14977.449999999999,772
2026-07-07T12:00:00+00:00,14977.449999999999,14993.96,14975.939999999999,14987.449999999999,776
2026-07-07T13:00:00+00:00,14987.449999999999,15014.96,14984.439999999999,14997.46,3259
2026-07-07T14:00:00+00:00,14997.46,15005.449999999999,14951.949999999999,14956.949999999999,4602
2026-07-07T15:00:00+00:00,14956.949999999999,14956.96,14920.939999999999,14938.939999999999,2644
2026-07-07T16:00:00+00:00,14938.939999999999,14962.96,14937.949999999999,14962.949999999999,1189
2026-07-07T17:00:00+00:00,14962.949999999999,14983.449999999999,14959.939999999999,14983.449999999999,996
2026-07-07T18:00:00+00:00,14983.449999999999,14984.96,14960.939999999999,14961.949999999999,1219
2026-07-07T19:00:00+00:00,14961.949999999999,14972.46,14943.939999999999,14971.939999999999,1584
2026-07-07T20:00:00+00:00,14971.939999999999,14973.46,14962.439999999999,14962.449999999999,189.49264454327746
2026-07-08T01:00:00+00:00,14962.449999999999,15078.74,14960.25,15011.76,28156.905645161292
2026-07-08T02:00:00+00:00,15011.76,15112.76,14969.74,15068.75,29602
2026-07-08T03:00:00+00:00,15068.75,15208.25,15064.25,15175.76,11546
2026-07-08T04:00:00+00:00,15175.76,15175.76,15100.25,15119.24,1515
2026-07-08T05:00:00+00:00,15119.24,15143.26,15025.24,15097.25,21822
2026-07-08T06:00:00+00:00,15097.25,15108.76,14962.24,14962.75,14981
2026-07-08T07:00:00+00:00,14962.75,14990.26,14936.24,14976.24,3693
2026-07-08T08:00:00+00:00,14976.24,14981.75,14928.75,14939.74,3539
2026-07-08T09:00:00+00:00,14939.74,14939.74,14853.26,14901.24,2578
2026-07-08T10:00:00+00:00,14901.24,14918.26,14893.25,14911.75,1652
2026-07-08T11:00:00+00:00,14911.75,14938.26,14901.24,14913.25,2530
2026-07-08T12:00:00+00:00,14913.25,14945.24,14905.26,14932.25,1889
2026-07-08T13:00:00+00:00,14932.25,14962.26,14930.25,14949.74,4346
2026-07-08T14:00:00+00:00,14949.74,14964.26,14904.25,14906.75,5055
2026-07-08T15:00:00+00:00,14906.75,14913.25,14878.26,14884.25,3435
2026-07-08T16:00:00+00:00,14884.25,14930.26,14884.25,14929.24,3148
2026-07-08T17:00:00+00:00,14929.24,14954.26,14926.24,14937.76,1655
2026-07-08T18:00:00+00:00,14937.76,14955.25,14934.24,14951.77,1893.1851664346286
2026-07-08T19:00:00+00:00,14951.77,14962.26,14940.26,14959.77,1202
2026-07-08T20:00:00+00:00,14959.77,14959.77,14937.25,14941.26,252.52244897959184
2026-07-09T01:00:00+00:00,14941.26,15054.46,14941.26,15019.47,26591.796590378326
2026-07-09T02:00:00+00:00,15019.47,15112.46,14985.46,15007.97,26326
2026-07-09T03:00:00+00:00,15007.97,15061.47,14974.449999999999,15045.47,11575
2026-07-09T04:00:00+00:00,15045.47,15053.47,15031.949999999999,15049.47,1229
2026-07-09T05:00:00+00:00,15049.47,15319.46,15048.949999999999,15310.96,29566
2026-07-09T06:00:00+00:00,15310.96,15417.97,15291.449999999999,15379.949999999999,21649
2026-07-09T07:00:00+00:00,15379.949999999999,15406.47,15370.949999999999,15372.949999999999,3062
2026-07-09T08:00:00+00:00,15372.949999999999,15378.47,15367.949999999999,15377.47,1168
2026-07-09T09:00:00+00:00,15377.47,15384.96,15349.46,15362.949999999999,1015
2026-07-09T10:00:00+00:00,15362.949999999999,15371.449999999999,15351.449999999999,15363.449999999999,929
2026-07-09T11:00:00+00:00,15363.449999999999,15389.47,15363.449999999999,15383.47,1084
2026-07-09T12:00:00+00:00,15383.47,15409.47,15381.949999999999,15396.449999999999,1233
2026-07-09T13:00:00+00:00,15396.449999999999,15418.47,15388.96,15414.96,2406
2026-07-09T14:00:00+00:00,15414.96,15425.96,15383.449999999999,15399.47,3389
2026-07-09T15:00:00+00:00,15399.47,15426.47,15398.449999999999,15415.46,1233
2026-07-09T16:00:00+00:00,15415.46,15423.449999999999,15397.949999999999,15399.47,763
2026-07-09T17:00:00+00:00,15399.47,15405.949999999999,15397.449999999999,15399.47,499.3235515425132
2026-07-09T18:00:00+00:00,15399.47,15407.46,15397.449999999999,15405.46,491.44843509492046
2026-07-09T19:00:00+00:00,15405.46,15423.46,15400.449999999999,15420.97,690.3824091778203
2026-07-09T20:00:00+00:00,15420.97,15420.97,15410.449999999999,15415.47,167.06325662520965
2026-07-10T01:00:00+00:00,15415.47,15468.449999999999,15349.949999999999,15422.44,28054.659952606635
2026-07-10T02:00:00+00:00,15422.44,15470.449999999999,15385.949999999999,15428.94,29980
2026-07-10T03:00:00+00:00,15428.94,15442.96,15394.96,15401.949999999999,10743
2026-07-10T04:00:00+00:00,15401.949999999999,15411.96,15392.449999999999,15394.96,864.1460872832218
2026-07-10T05:00:00+00:00,15394.96,15411.96,15200.44,15200.949999999999,20871
2026-07-10T06:00:00+00:00,15200.949999999999,15207.46,15004.94,15033.44,25852
2026-07-10T07:00:00+00:00,15033.44,15033.44,15005.44,15020.94,2663
2026-07-10T08:00:00+00:00,15020.94,15025.949999999999,14997.96,15015.96,1400
2026-07-10T09:00:00+00:00,15015.96,15030.94,15000.96,15029.44,955.9105676096547
2026-07-10T10:00:00+00:00,15029.44,15044.449999999999,15029.44,15039.94,487.26501209380586
2026-07-10T11:00:00+00:00,15039.94,15049.44,15033.949999999999,15040.46,548
2026-07-10T12:00:00+00:00,15040.46,15063.44,15032.96,15055.46,1605
2026-07-10T13:00:00+00:00,15055.46,15063.96,15031.44,15054.949999999999,2522
2026-07-10T14:00:00+00:00,15054.949999999999,15063.96,15024.46,15050.96,4927
2026-07-10T15:00:00+00:00,15050.96,15062.46,15039.94,15059.46,2139.851830331203
2026-07-10T16:00:00+00:00,15059.46,15071.46,15059.44,15067.46,882.7016584031459
2026-07-10T17:00:00+00:00,15067.46,15070.449999999999,15061.44,15065.44,579
2026-07-10T18:00:00+00:00,15065.44,15070.449999999999,15062.44,15064.449999999999,543
2026-07-10T19:00:00+00:00,15064.449999999999,15075.46,15061.96,15074.96,486
2026-07-10T20:00:00+00:00,15074.96,15075.96,15069.44,15073.449999999999,118.37539664035955
2026-07-13T01:00:00+00:00,15073.449999999999,15079.449999999999,14952.21,14980.72,38837.06077348066
2026-07-13T02:00:00+00:00,14980.72,15130.73,14959.71,15027.71,38798
2026-07-13T03:00:00+00:00,15027.71,15031.72,14948.72,14964.21,18560
2026-07-13T04:00:00+00:00,14964.21,14964.21,14943.23,14953.22,1582
2026-07-13T05:00:00+00:00,14953.22,14995.73,14816.71,14912.22,42895
2026-07-13T06:00:00+00:00,14912.22,14923.73,14797.22,14844.72,34301
2026-07-13T07:00:00+00:00,14844.72,14873.72,14843.71,14863.71,3220
2026-07-13T08:00:00+00:00,14863.71,14878.23,14861.71,14868.21,1586
2026-07-13T09:00:00+00:00,14868.21,14870.23,14846.23,14864.73,1589
2026-07-13T10:00:00+00:00,14864.73,14876.73,14860.21,14874.23,650
2026-07-13T11:00:00+00:00,14874.23,14877.73,14863.71,14872.22,949.3285077951002
2026-07-13T12:00:00+00:00,14872.22,14883.73,14862.21,14881.72,1400
2026-07-13T13:00:00+00:00,14881.72,14896.23,14874.73,14888.71,3307
2026-07-13T14:00:00+00:00,14888.71,14894.73,14848.71,14880.73,4919
2026-07-13T15:00:00+00:00,14880.73,14884.73,14869.71,14872.22,1617
2026-07-13T16:00:00+00:00,14872.22,14877.23,14846.72,14861.71,2330
2026-07-13T17:00:00+00:00,14861.71,14872.73,14854.71,14854.71,1580
2026-07-13T18:00:00+00:00,14854.71,14863.21,14849.72,14856.72,1417
2026-07-13T19:00:00+00:00,14856.72,14858.73,14841.72,14853.72,1158
2026-07-13T20:00:00+00:00,14853.72,14853.73,14843.71,14847.72,215.59066539835615
2026-07-14T01:00:00+00:00,14847.72,14914.48,14773.47,14848.97,36557.788005997005
2026-07-14T02:00:00+00:00,14848.97,14979.47,14828.49,14834.97,36828
2026-07-14T03:00:00+00:00,14834.97,14859.48,14737.47,14829.98,20502
2026-07-14T04:00:00+00:00,14829.98,14886.48,14813.49,14879.47,2682
2026-07-14T05:00:00+00:00,14879.47,15074.49,14878.48,15045.49,48975
2026-07-14T06:00:00+00:00,15045.49,15142.99,15041.97,15118.98,25766
2026-07-14T07:00:00+00:00,15118.98,15164.97,15115.97,15132.48,3588
2026-07-14T08:00:00+00:00,15132.48,15158.49,15132.48,15152.49,1655
2026-07-14T09:00:00+00:00,15152.49,15159.49,15124.47,15146.48,1467
2026-07-14T10:00:00+00:00,15146.48,15161.49,15143.49,15154.48,977
2026-07-14T11:00:00+00:00,15154.48,15167.47,15143.97,15163.99,1281.489847715736
2026-07-14T12:00:00+00:00,15163.99,15233.49,15144.47,15199.47,3323
2026-07-14T13:00:00+00:00,15199.47,15228.49,15189.48,15213.49,4189
2026-07-14T14:00:00+00:00,15213.49,15231.49,15189.49,15219.49,5544
2026-07-14T15:00:00+00:00,15219.49,15229.49,15196.47,15198.47,3106
2026-07-14T16:00:00+00:00,15198.47,15208.49,15190.48,15207.49,1546.987194688167
2026-07-14T17:00:00+00:00,15207.49,15210.49,15197.48,15202.47,691.1056824216676
2026-07-14T18:00:00+00:00,15202.47,15210.49,15198.47,15199.48,799
2026-07-14T19:00:00+00:00,15199.48,15220.98,15190.47,15219.47,1235
2026-07-14T20:00:00+00:00,15219.47,15219.47,15206.48,15207.99,177.40250909018226
2026-07-15T01:00:00+00:00,15207.99,15311.05,15099.53,15306.05,32540.679347826088
2026-07-15T02:00:00+00:00,15306.05,15404.05,15289.53,15325.53,28618
2026-07-15T03:00:00+00:00,15325.53,15334.05,15267.53,15290.039999999999,12647
2026-07-15T04:00:00+00:00,15290.039999999999,15296.55,15280.53,15292.55,949.5727882977658
2026-07-15T05:00:00+00:00,15292.55,15391.53,15246.53,15343.539999999999,24242
2026-07-15T06:00:00+00:00,15343.539999999999,15352.539999999999,15284.53,15308.05,16050
2026-07-15T07:00:00+00:00,15308.05,15312.539999999999,15265.55,15295.039999999999,2951
2026-07-15T08:00:00+00:00,15295.039999999999,15300.539999999999,15281.539999999999,15291.03,613
2026-07-15T09:00:00+00:00,15291.03,15304.05,15280.55,15289.53,808
2026-07-15T10:00:00+00:00,15289.53,15293.039999999999,15271.03,15273.53,854
2026-07-15T11:00:00+00:00,15273.53,15278.53,15266.539999999999,15275.05,662.0699126092385
2026-07-15T12:00:00+00:00,15275.05,15305.039999999999,15266.53,15296.55,1090.5978480161398
2026-07-15T13:00:00+00:00,15296.55,15327.05,15296.539999999999,15323.539999999999,3248
2026-07-15T14:00:00+00:00,15323.539999999999,15329.53,15305.039999999999,15315.05,3494
2026-07-15T15:00:00+00:00,15315.05,15323.55,15292.039999999999,15295.039999999999,2295
2026-07-15T16:00:00+00:00,15295.039999999999,15297.539999999999,15258.039999999999,15275.03,1913
2026-07-15T17:00:00+00:00,15275.03,15316.55,15275.03,15313.53,1168
2026-07-15T18:00:00+00:00,15313.53,15321.539999999999,15298.03,15300.03,971.3991596638655
2026-07-15T19:00:00+00:00,15300.03,15311.039999999999,15299.03,15309.05,823
2026-07-15T20:00:00+00:00,15309.05,15310.039999999999,15300.05,15303.039999999999,157.97625885414598
2026-07-16T01:00:00+00:00,15303.039999999999,15303.039999999999,15109.89,15179.39,32430.966083916086
2026-07-16T02:00:00+00:00,15179.39,15228.41,15110.4,15194.4,26750
2026-07-16T03:00:00+00:00,15194.4,15198.89,15095.89,15160.89,10907
2026-07-16T04:00:00+00:00,15160.89,15169.91,15138.89,15146.41,827
2026-07-16T05:00:00+00:00,15146.41,15171.9,15024.41,15031.41,22353
2026-07-16T06:00:00+00:00,15031.41,15048.41,14879.89,14951.41,20562
2026-07-16T07:00:00+00:00,14951.41,14963.89,14940.89,14944.89,2541
2026-07-16T08:00:00+00:00,14944.89,14945.89,14925.4,14945.39,1861
2026-07-16T09:00:00+00:00,14945.39,14951.89,14926.91,14932.9,965
2026-07-16T10:00:00+00:00,14932.9,14935.91,14924.89,14925.4,823
2026-07-16T11:00:00+00:00,14925.4,14939.89,14914.39,14938.9,1296
2026-07-16T12:00:00+00:00,14938.9,14944.91,14911.89,14921.89,1373
2026-07-16T13:00:00+00:00,14921.89,14939.4,14907.89,14920.39,2840
2026-07-16T14:00:00+00:00,14920.39,14933.9,14917.91,14932.89,2264
2026-07-16T15:00:00+00:00,14932.89,14959.39,14926.91,14940.89,1724
2026-07-16T16:00:00+00:00,14940.89,14940.89,14914.89,14922.4,1673
2026-07-16T17:00:00+00:00,14922.4,14922.91,14899.89,14900.4,984
2026-07-16T18:00:00+00:00,14900.4,14910.89,14891.89,14892.91,1122
2026-07-16T19:00:00+00:00,14892.91,14901.91,14875.91,14897.41,1269
2026-07-16T20:00:00+00:00,14897.41,14898.91,14893.91,14897.89,155.64314679643147
2026-07-17T01:00:00+00:00,14897.89,14914.949999999999,14634.43,14645.949999999999,37443.236709236706
2026-07-17T02:00:00+00:00,14645.949999999999,14662.93,14462.949999999999,14497.43,33054
2026-07-17T03:00:00+00:00,14497.43,14579.94,14487.449999999999,14543.43,16778
2026-07-17T04:00:00+00:00,14543.43,14545.93,14516.43,14534.44,1606
2026-07-17T05:00:00+00:00,14534.44,14562.94,14347.43,14469.93,37158
2026-07-17T06:00:00+00:00,14469.93,14598.949999999999,14384.44,14421.43,33094
2026-07-17T07:00:00+00:00,14421.43,14435.449999999999,14393.94,14421.449999999999,4548
2026-07-17T08:00:00+00:00,14421.449999999999,14421.94,14400.93,14407.43,1229
2026-07-17T09:00:00+00:00,14407.43,14444.949999999999,14388.43,14439.44,1798
2026-07-17T10:00:00+00:00,14439.44,14451.949999999999,14428.93,14434.94,1117
2026-07-17T11:00:00+00:00,14434.94,14444.94,14422.949999999999,14443.949999999999,826
2026-07-17T12:00:00+00:00,14443.949999999999,14444.949999999999,14430.93,14439.949999999999,970
2026-07-17T13:00:00+00:00,14439.949999999999,14461.949999999999,14417.949999999999,14461.949999999999,3903
2026-07-17T14:00:00+00:00,14461.949999999999,14481.94,14458.93,14461.949999999999,3409
2026-07-17T15:00:00+00:00,14461.949999999999,14494.949999999999,14450.93,14491.949999999999,2534
2026-07-17T16:00:00+00:00,14491.949999999999,14507.949999999999,14483.93,14503.44,1613
2026-07-17T17:00:00+00:00,14503.44,14512.449999999999,14486.949999999999,14489.949999999999,943.8283261802575
2026-07-17T18:00:00+00:00,14489.949999999999,14510.44,14484.93,14507.43,1324
2026-07-17T19:00:00+00:00,14507.43,14511.449999999999,14484.43,14501.44,1362
2026-07-17T20:00:00+00:00,14501.44,14503.949999999999,14479.93,14485.43,273.6507772020725
2026-07-20T01:00:00+00:00,14485.43,14802.93,14463.42,14798.93,38834.14659400545
2026-07-20T02:00:00+00:00,14798.93,14852.91,14688.41,14839.93,40306
2026-07-20T03:00:00+00:00,14839.93,14860.43,14796.91,14805.91,17818
2026-07-20T04:00:00+00:00,14805.91,14854.42,14796.42,14832.92,2080
2026-07-20T05:00:00+00:00,14832.92,14853.43,14643.92,14663.43,36688
2026-07-20T06:00:00+00:00,14663.43,14836.41,14581.93,14790.42,47984
2026-07-20T07:00:00+00:00,14790.42,14808.91,14762.91,14800.92,4984
2026-07-20T08:00:00+00:00,14800.92,14814.42,14789.91,14810.91,1262
2026-07-20T09:00:00+00:00,14810.91,14826.41,14774.42,14800.93,1355
2026-07-20T10:00:00+00:00,14800.93,14801.43,14787.92,14788.92,751
2026-07-20T11:00:00+00:00,14788.92,14828.93,14788.92,14802.92,2209
2026-07-20T12:00:00+00:00,14802.92,14803.42,14780.91,14787.93,1597
2026-07-20T13:00:00+00:00,14787.93,14828.43,14783.91,14821.93,2105
2026-07-20T14:00:00+00:00,14821.93,14839.43,14811.91,14826.43,3137
2026-07-20T15:00:00+00:00,14826.43,14866.91,14820.91,14863.91,2223
2026-07-20T16:00:00+00:00,14863.91,14866.93,14842.41,14847.93,1835
2026-07-20T17:00:00+00:00,14847.93,14848.92,14829.42,14837.92,1304
2026-07-20T18:00:00+00:00,14837.92,14846.91,14819.93,14820.43,1476
2026-07-20T19:00:00+00:00,14820.43,14824.93,14803.92,14807.41,1610
2026-07-20T20:00:00+00:00,14807.41,14811.92,14800.91,14802.42,144.90296936147385
2026-07-21T01:00:00+00:00,14802.42,14964.91,14802.42,14924.93,36080.619782214155
2026-07-21T02:00:00+00:00,14924.93,15039.42,14852.42,15023.91,46723
2026-07-21T03:00:00+00:00,15023.91,15072.43,14958.41,15036.92,19365
2026-07-21T04:00:00+00:00,15036.92,15036.92,15022.42,15023.41,1341
2026-07-21T05:00:00+00:00,15023.41,15162.42,14999.41,15137.43,25165
2026-07-21T06:00:00+00:00,15137.43,15188.93,15126.91,15165.43,16169
2026-07-21T07:00:00+00:00,15165.43,15174.92,15131.43,15139.93,2803
2026-07-21T08:00:00+00:00,15139.93,15146.42,15131.41,15146.42,1123
2026-07-21T09:00:00+00:00,15146.42,15152.91,15120.93,15131.93,941
2026-07-21T10:00:00+00:00,15131.93,15138.43,15120.41,15122.41,970
2026-07-21T11:00:00+00:00,15122.41,15128.93,15112.43,15117.93,863
2026-07-21T12:00:00+00:00,15117.93,15129.42,15106.92,15125.41,1291
2026-07-21T13:00:00+00:00,15125.41,15140.43,15105.43,15130.42,2872
2026-07-21T14:00:00+00:00,15130.42,15159.43,15127.41,15151.43,2204
2026-07-21T15:00:00+00:00,15151.43,15163.43,15149.91,15152.93,1279
2026-07-21T16:00:00+00:00,15152.93,15164.42,15151.41,15159.41,532
2026-07-21T17:00:00+00:00,15159.41,15163.43,15153.41,15157.41,511.4536607970343
2026-07-21T18:00:00+00:00,15157.41,15162.43,15156.41,15162.43,497
2026-07-21T19:00:00+00:00,15162.43,15167.41,15159.42,15165.93,470.5968635809648
2026-07-21T20:00:00+00:00,15165.93,15166.42,15148.41,15159.42,161.48883411849124
2026-07-22T01:00:00+00:00,15159.42,15255.46,15106.45,15243.45,28082.077616077615
2026-07-22T02:00:00+00:00,15243.45,15312.47,15211.47,15298.97,24764
2026-07-22T03:00:00+00:00,15298.97,15332.47,15245.95,15284.95,10049
2026-07-22T04:00:00+00:00,15284.95,15305.47,15281.45,15284.96,978.5961136648558
2026-07-22T05:00:00+00:00,15284.96,15284.96,15154.95,15164.45,23318
2026-07-22T06:00:00+00:00,15164.45,15182.46,15087.45,15132.47,20228
2026-07-22T07:00:00+00:00,15132.47,15138.97,15116.47,15125.45,1920
2026-07-22T08:00:00+00:00,15125.45,15136.97,15112.45,15135.95,1310
2026-07-22T09:00:00+00:00,15135.95,15173.47,15124.45,15144.95,1356
2026-07-22T10:00:00+00:00,15144.95,15159.47,15144.95,15156.47,751
2026-07-22T11:00:00+00:00,15156.47,15159.45,15135.45,15142.97,940.1603166749135
2026-07-22T12:00:00+00:00,15142.97,15149.97,15120.95,15130.45,1178
2026-07-22T13:00:00+00:00,15130.45,15186.46,15129.97,15184.46,1891
2026-07-22T14:00:00+00:00,15184.46,15189.45,15164.45,15171.46,1664
2026-07-22T15:00:00+00:00,15171.46,15191.47,15170.45,15191.45,844
2026-07-22T16:00:00+00:00,15191.45,15193.47,15186.45,15191.45,534
2026-07-22T17:00:00+00:00,15191.45,15195.45,15182.45,15184.46,526
2026-07-22T18:00:00+00:00,15184.46,15185.47,15175.45,15182.96,569.909228441755
2026-07-22T19:00:00+00:00,15182.96,15183.95,15172.97,15174.96,545
2026-07-22T20:00:00+00:00,15174.96,15186.97,15171.45,15181.95,898
2026-07-23T01:00:00+00:00,15181.95,15239.66,15125.67,15191.17,25002.12724879333
2026-07-23T02:00:00+00:00,15191.17,15226.16,15155.16,15178.67,25789
2026-07-23T03:00:00+00:00,15178.67,15202.68,15137.18,15184.17,11751
2026-07-23T04:00:00+00:00,15184.17,15194.16,15174.17,15187.66,930
2026-07-23T05:00:00+00:00,15187.66,15260.18,15187.66,15195.68,21896
2026-07-23T06:00:00+00:00,15195.68,15222.68,15166.67,15213.67,8998
2026-07-23T07:00:00+00:00,15213.67,15213.67,15186.16,15205.68,1442
2026-07-23T08:00:00+00:00,15205.68,15212.68,15197.66,15210.67,994
2026-07-23T09:00:00+00:00,15210.67,15220.68,15201.66,15203.16,851
2026-07-23T10:00:00+00:00,15203.16,15222.68,15196.66,15218.67,748
2026-07-23T11:00:00+00:00,15218.67,15222.66,15179.66,15199.66,1111
2026-07-23T12:00:00+00:00,15199.66,15200.17,15152.17,15154.68,1827
2026-07-23T13:00:00+00:00,15154.68,15167.68,15136.17,15142.66,3173
2026-07-23T14:00:00+00:00,15142.66,15156.18,15122.66,15138.67,4550
2026-07-23T15:00:00+00:00,15138.67,15141.67,15111.16,15125.67,2590
2026-07-23T16:00:00+00:00,15125.67,15148.68,15123.66,15143.66,1306
2026-07-23T17:00:00+00:00,15143.66,15147.68,15123.66,15123.68,1589
2026-07-23T18:00:00+00:00,15123.68,15133.18,15120.17,15130.67,1127
2026-07-23T19:00:00+00:00,15130.67,15140.16,15119.67,15135.68,952
2026-07-23T20:00:00+00:00,15135.68,15148.68,15135.67,15145.16,379.66309012875536
2026-07-24T01:00:00+00:00,15145.16,15195.36,15090.37,15128.87,26815.953602620088
2026-07-24T02:00:00+00:00,15128.87,15181.87,15095.87,15100.36,20403
2026-07-24T03:00:00+00:00,15100.36,15112.37,15071.85,15102.35,8021
2026-07-24T04:00:00+00:00,15102.35,15130.86,15096.86,15122.85,1056
2026-07-24T05:00:00+00:00,15122.85,15176.36,15022.87,15029.36,19078
2026-07-24T06:00:00+00:00,15029.36,15075.87,14969.36,14985.85,16039
2026-07-24T07:00:00+00:00,14985.85,15046.87,14979.86,15024.85,2521
2026-07-24T08:00:00+00:00,15024.85,15024.85,15005.86,15020.36,907
2026-07-24T09:00:00+00:00,15020.36,15049.37,15016.35,15040.37,796
2026-07-24T10:00:00+00:00,15040.37,15044.36,15024.86,15031.85,535.7533989685888
2026-07-24T11:00:00+00:00,15031.85,15065.85,15031.37,15058.36,852.4128622469234
2026-07-24T12:00:00+00:00,15058.36,15063.87,15041.85,15044.37,866
2026-07-24T13:00:00+00:00,15044.37,15057.87,15027.85,15028.87,2359.29124668435
2026-07-24T14:00:00+00:00,15028.87,15046.85,15013.85,15044.87,3457
2026-07-24T15:00:00+00:00,15044.87,15075.87,15038.85,15072.87,3329
2026-07-24T16:00:00+00:00,15072.87,15078.87,15044.85,15050.86,1300
2026-07-24T17:00:00+00:00,15050.86,15051.37,15031.85,15033.87,1415
2026-07-24T18:00:00+00:00,15033.87,15036.87,15006.36,15015.86,1368
2026-07-24T19:00:00+00:00,15015.86,15024.86,15005.85,15021.87,1218
2026-07-24T20:00:00+00:00,15021.87,15022.87,15016.86,15022.36,149.066203322918
2026-07-27T01:00:00+00:00,15022.36,15117.7,14991.18,15094.19,16536.005397727273
2026-07-27T02:00:00+00:00,15094.19,15124.2,15069.18,15089.2,13701
2026-07-27T03:00:00+00:00,15089.2,15116.68,15079.68,15088.69,4611
2026-07-27T04:00:00+00:00,15088.69,15132.2,15088.69,15130.2,1041
2026-07-27T05:00:00+00:00,15130.2,15130.2,15057.18,15109.19,9127
2026-07-27T06:00:00+00:00,15109.19,15217.2,15103.69,15211.69,6896
2026-07-27T07:00:00+00:00,15211.69,15231.7,15196.18,15198.2,1349
2026-07-27T08:00:00+00:00,15198.2,15199.19,15188.18,15198.69,842
2026-07-27T09:00:00+00:00,15198.69,15207.7,15194.19,15194.19,553.3686232145001
2026-07-27T10:00:00+00:00,15194.19,15195.7,15188.18,15191.2,399
2026-07-27T11:00:00+00:00,15191.2,15193.19,15177.18,15185.2,573
2026-07-27T12:00:00+00:00,15185.2,15196.2,15181.7,15195.68,572.8663017982799
2026-07-27T13:00:00+00:00,15195.68,15205.2,15175.19,15176.2,1619
2026-07-27T14:00:00+00:00,15176.2,15184.2,15147.18,15180.19,2746
2026-07-27T15:00:00+00:00,15180.19,15199.2,15167.18,15172.2,2378
2026-07-27T16:00:00+00:00,15172.2,15190.19,15166.18,15168.18,2761
2026-07-27T17:00:00+00:00,15168.18,15168.18,15152.18,15166.18,1525
2026-07-27T18:00:00+00:00,15166.18,15176.2,15155.18,15174.2,1580
2026-07-27T19:00:00+00:00,15174.2,15192.2,15172.18,15190.19,829
2026-07-27T20:00:00+00:00,15190.19,15194.7,15185.18,15193.69,143.4516954519251
2026-07-28T01:00:00+00:00,15193.69,15193.69,14940.72,14975.710000000001,27576.94757609921
2026-07-28T02:00:00+00:00,14975.710000000001,14993.710000000001,14782.710000000001,14798.710000000001,24993
2026-07-28T03:00:00+00:00,14798.710000000001,14903.22,14761.210000000001,14892.72,14316
2026-07-28T04:00:00+00:00,14892.72,14902.210000000001,14879.73,14890.710000000001,1278
2026-07-28T05:00:00+00:00,14890.710000000001,14890.710000000001,14756.210000000001,14774.710000000001,23067
2026-07-28T06:00:00+00:00,14774.710000000001,14797.23,14717.23,14796.210000000001,19564
2026-07-28T07:00:00+00:00,14796.210000000001,14800.73,14774.73,14794.210000000001,2184
2026-07-28T08:00:00+00:00,14794.210000000001,14802.23,14777.72,14801.72,1391
2026-07-28T09:00:00+00:00,14801.72,14822.73,14794.23,14797.22,681
2026-07-28T10:00:00+00:00,14797.22,14807.23,14785.73,14795.22,799
2026-07-28T11:00:00+00:00,14795.22,14803.22,14778.22,14800.73,1315
2026-07-28T12:00:00+00:00,14800.73,14810.710000000001,14798.210000000001,14804.73,1377
2026-07-28T13:00:00+00:00,14804.73,14814.23,14771.210000000001,14793.710000000001,2808
2026-07-28T14:00:00+00:00,14793.710000000001,14843.23,14793.710000000001,14833.210000000001,4279
2026-07-28T15:00:00+00:00,14833.210000000001,14859.22,14819.22,14856.72,2010
2026-07-28T16:00:00+00:00,14856.72,14860.23,14845.72,14855.22,885
2026-07-28T17:00:00+00:00,14855.22,14857.22,14833.22,14839.23,1144
2026-07-28T18:00:00+00:00,14839.23,14842.22,14826.22,14832.210000000001,900
2026-07-28T19:00:00+00:00,14832.210000000001,14845.23,14830.23,14832.210000000001,761
2026-07-28T20:00:00+00:00,14832.210000000001,14839.23,14825.210000000001,14834.72,206.0836090289947
2026-07-29T01:00:00+00:00,14834.72,14859.65,14667.630000000001,14669.64,31000.868016497938
2026-07-29T02:00:00+00:00,14669.64,14816.65,14636.14,14758.130000000001,31902
2026-07-29T03:00:00+00:00,14758.130000000001,14851.130000000001,14732.14,14735.14,12657
2026-07-29T04:00:00+00:00,14735.14,14737.630000000001,14688.130000000001,14719.15,2964
2026-07-29T05:00:00+00:00,14719.15,14939.130000000001,14703.14,14852.64,31768
2026-07-29T06:00:00+00:00,14852.64,14902.630000000001,14819.130000000001,14898.130000000001,12820
2026-07-29T07:00:00+00:00,14898.130000000001,14899.65,14880.130000000001,14890.15,1524
2026-07-29T08:00:00+00:00,14890.15,14893.15,14875.130000000001,14881.630000000001,1076
2026-07-29T09:00:00+00:00,14881.630000000001,14881.630000000001,14842.130000000001,14866.630000000001,856
2026-07-29T10:00:00+00:00,14866.630000000001,14875.65,14851.65,14854.15,810
2026-07-29T11:00:00+00:00,14854.15,14871.14,14851.130000000001,14871.14,853
2026-07-29T12:00:00+00:00,14871.14,14872.64,14828.130000000001,14847.130000000001,1550
2026-07-29T13:00:00+00:00,14847.130000000001,14851.64,14819.130000000001,14829.130000000001,2721
2026-07-29T14:00:00+00:00,14829.130000000001,14841.14,14784.130000000001,14796.14,3638
2026-07-29T15:00:00+00:00,14796.14,14813.15,14791.130000000001,14797.15,2183
2026-07-29T16:00:00+00:00,14797.15,14799.14,14779.130000000001,14798.130000000001,1554
2026-07-29T17:00:00+00:00,14798.130000000001,14826.15,14798.130000000001,14815.65,1501
2026-07-29T18:00:00+00:00,14815.65,14907.15,14815.14,14907.130000000001,6131.9914730334685
2026-07-29T19:00:00+00:00,14907.130000000001,14917.15,14770.130000000001,14780.14,7189
2026-07-29T20:00:00+00:00,14780.14,14790.15,14764.130000000001,14787.64,2084
2026-07-30T01:00:00+00:00,14787.64,14836.52,14719.01,14728.01,25424.971967963385
2026-07-30T02:00:00+00:00,14728.01,14755.02,14540.01,14552.01,28712
2026-07-30T03:00:00+00:00,14552.01,14624.52,14518.51,14554.51,14247
2026-07-30T04:00:00+00:00,14554.51,14570.52,14538.51,14538.52,2150
2026-07-30T05:00:00+00:00,14538.52,14731.51,14454.52,14717.51,42968
2026-07-30T06:00:00+00:00,14717.51,14820.51,14703.02,14735.01,29977
2026-07-30T07:00:00+00:00,14735.01,14740.52,14709.02,14731.51,3411
2026-07-30T08:00:00+00:00,14731.51,14752.02,14730.5,14743.52,1288
2026-07-30T09:00:00+00:00,14743.52,14766.54,14729.03,14743.52,988
2026-07-30T10:00:00+00:00,14743.52,14773.54,14741.53,14743.54,1200
2026-07-30T11:00:00+00:00,14743.54,14763.54,14741.54,14758.53,1179
2026-07-30T12:00:00+00:00,14758.53,14780.52,14753.54,14758.02,1862
2026-07-30T13:00:00+00:00,14758.02,14840.54,14757.52,14836.52,3430
2026-07-30T14:00:00+00:00,14836.52,14877.53,14829.52,14838.04,3566
2026-07-30T15:00:00+00:00,14838.04,14877.52,14827.52,14871.54,2775
2026-07-30T16:00:00+00:00,14871.54,14891.53,14869.52,14887.04,1398
2026-07-30T17:00:00+00:00,14887.04,14897.52,14884.53,14892.53,1005
2026-07-30T18:00:00+00:00,14892.53,14898.54,14888.54,14898.04,692
2026-07-30T19:00:00+00:00,14898.04,14913.52,14897.52,14912.02,728.3653250773993
2026-07-30T20:00:00+00:00,14912.02,14932.04,14912.02,14920.52,864
2026-07-31T01:00:00+00:00,14920.52,15061.03,14879.03,14962.53,31486.994753410283
2026-07-31T02:00:00+00:00,14962.53,14971.050000000001,14824.53,14854.03,22556
2026-07-31T03:00:00+00:00,14854.03,14862.050000000001,14795.550000000001,14841.050000000001,9627
2026-07-31T04:00:00+00:00,14841.050000000001,14898.54,14834.550000000001,14898.54,1114
2026-07-31T05:00:00+00:00,14898.54,14907.050000000001,14805.03,14854.03,16111
2026-07-31T06:00:00+00:00,14854.03,14894.050000000001,14829.03,14870.03,11060
2026-07-31T07:00:00+00:00,14870.03,14871.53,14840.54,14851.53,2704
2026-07-31T08:00:00+00:00,14851.53,14853.050000000001,14830.03,14851.04,1700
2026-07-31T09:00:00+00:00,14851.04,14869.550000000001,14851.04,14860.04,1282
2026-07-31T10:00:00+00:00,14860.04,14872.03,14858.04,14864.04,743
2026-07-31T11:00:00+00:00,14864.04,14866.550000000001,14849.04,14857.050000000001,1007
2026-07-31T12:00:00+00:00,14857.050000000001,14858.04,14832.550000000001,14843.03,1283
2026-07-31T13:00:00+00:00,14843.03,14865.04,14800.03,14800.050000000001,3930
2026-07-31T14:00:00+00:00,14800.050000000001,14827.04,14770.050000000001,14823.04,5115
2026-07-31T15:00:00+00:00,14823.04,14825.03,14786.04,14806.03,3174
2026-07-31T16:00:00+00:00,14806.03,14824.04,14794.550000000001,14794.550000000001,2039
2026-07-31T17:00:00+00:00,14794.550000000001,14806.050000000001,14782.03,14793.03,1453
2026-07-31T18:00:00+00:00,14793.03,14817.04,14793.03,14817.04,1103
2026-07-31T19:00:00+00:00,14817.04,14837.550000000001,14812.04,14828.050000000001,974
2026-07-31T20:00:00+00:00,14828.050000000001,14828.53,14811.03,14819.03,415
